id,kind,deck,model,prompt,review,review_notes,confidence
fw-bwo-nymph,insect,food-fw,fal-ai/nano-banana-2,"Scientific entomological illustration, ink line and soft watercolor wash on plain cream paper, accurate anatomy, no text, no labels. A Blue-Winged Olive mayfly nymph (Baetis species), the aquatic immature insect underwater, dorsal view from directly above, body about 6 mm long excluding the tails. Slim streamlined torpedo-shaped swimmer, olive to olive-brown with faint paler bands across the abdomen. Ten-segmented abdomen carrying a single small oval heart-shaped flat gill plate on each side of segments one to seven, lying along the top and sides of the abdomen. Rounded head with eyes at the sides and long slender antennae, each antenna two to three times as long as the head is wide. Thorax bears one pair of dark forewing pads and a much smaller pair of hindwing pads, with no actual wings. Six slender legs, each ending in a single hooked claw. Three slender tail filaments fringed with fine hairs, the middle filament slightly shorter than the two outer ones. It is an aquatic insect nymph, not a bird, not a shrimp.",minor,"'small head with short antennae' - macroinvertebrates.org gives Baetidae antennae as 'long', 'at least two or three times the width of the head'; short antennae is a Heptageniidae/Ephemerellidae character, not a Baetis one | 'three tail filaments (two for Epeorus/Quill Gordon)' - leaked template text about a different genus that has nothing to do with Baetis; an image model given this may draw two tails",high
fw-bwo-emerger,insect,food-fw,fal-ai/nano-banana-2,"Scientific entomological illustration, ink line and soft watercolor wash on plain cream paper, accurate anatomy, no text, no labels. A Blue-Winged Olive mayfly (Baetis species) emerging at the water surface, strict side view with a horizontal waterline across the image, total length about 6 mm. The olive-brown nymphal skin has split open along the mid-line of the back of the thorax; the pale olive-bodied adult dun is pushing up and out of the split with its two wings still soft, crumpled and dull slate grey. The emptied translucent amber-brown nymphal shuck trails behind and below, still hanging in the surface film, and it keeps the nymph's three fringed tail filaments and the row of small oval gill plates along its abdomen. The emerging adult itself has a slender olive abdomen, six thin legs and only two long tail filaments. It is an aquatic insect at the moment of moulting into an adult, not a bird, not a shrimp.",minor,"no tail counts given at all, so the prompt cannot enforce the single most diagnostic emergence detail: three tails on the discarded shuck, two tails on the emerging Baetis dun",high
fw-bwo-dun,insect,food-fw,fal-ai/nano-banana-2,"Scientific entomological illustration, ink line and soft watercolor wash on plain cream paper, accurate anatomy, no text, no labels. An adult Blue-Winged Olive mayfly (Baetis species) at the dun or subimago stage, strict side view, standing on the water surface with a waterline across the image, body about 6 mm long. Slender segmented abdomen in olive to olive-brown, curving slightly upward at the rear; compact thorax; small head with large compound eyes and short antennae. Six thin legs, the front pair held forward. One pair of large wings held together vertically upright over the back like a sail, the wing membrane dull and opaque in shades of grey with a faint pale blue tint and fine darker veining, plus a minute second pair of hindwings tucked behind them. Exactly two long slender tail filaments, about as long as the body, trailing straight behind. It is an adult aquatic insect, a mayfly, not a bird, not a moth.",minor,"'two or three very long thin tail filaments' - Baetis duns have two tails, never three; Troutnut's Baetis page states duns 'display two caudal filaments rather than three'. Leaving it ambiguous invites a three-tailed drawing | 'two large translucent opaque-tinted wings' - a mayfly has four wings; Baetis carries a minute second pair of hindwings behind the large forewings | 'very long' tails - the dun's tails are roughly body length, not the greatly elongated filaments of the spinner",high
fw-bwo-spinner,insect,food-fw,fal-ai/nano-banana-2,"Scientific entomological illustration, ink line and soft watercolor wash on plain cream paper, accurate anatomy, no text, no labels. An adult Blue-Winged Olive mayfly (Baetis species) at the spent spinner stage, dead and lying flat in the water surface film, viewed from directly above, body about 6 mm long. Slender segmented abdomen in rusty olive-brown, paler and translucent toward the middle segments. One pair of large fully clear glassy transparent wings with fine dark veins, spread flat out to the sides in a cross shape and lying on the water, plus a minute second pair of clear hindwings behind them. Small head with large compound eyes, six thin legs collapsed and splayed. Exactly two extremely long slender tail filaments, considerably longer than the body, splayed apart behind. It is an adult aquatic insect, a mayfly, not a bird, not a dragonfly.",minor,"'two or three extremely long tail filaments splayed' - Baetis spinners have two tails only; Troutnut states spinners 'retain the two-tailed configuration of duns' | 'two clear glassy transparent wings' - omits the minute hindwing pair, so the animal is drawn with a two-winged, fly-like build",high
fw-pmd-nymph,insect,food-fw,fal-ai/nano-banana-2,"Scientific entomological illustration, ink line and soft watercolor wash on plain cream paper, accurate anatomy, no text, no labels. A Pale Morning Dun mayfly nymph (Ephemerella excrucians), the aquatic immature insect underwater, dorsal view from directly above, body about 9 mm long excluding the tails. Stocky compact spiny crawler, mottled reddish-brown and olive with faint pale longitudinal stripes down the back of the abdomen. Flat oval gill plates lie on TOP of abdominal segments three to seven only, overlapping backwards like roof tiles; segments one and two carry no gills. Small paired tubercles or short blunt spines run down the middle of the abdominal segments. Small head with short antennae and eyes at the sides; thorax bears one pair of dark forewing pads and a smaller pair of hindwing pads, with no actual wings. Six sturdy legs, the front femora noticeably thickened and fringed with bristles. Three tail filaments fringed with fine hairs, held spread apart in a fan. It is an aquatic insect nymph, not a bird, not a shrimp.",minor,"'a row of small gills along each side' - macroinvertebrates.org states Ephemerella gills are on segments 3-7 with 'segment 2 without gills', and they are plate-like lamellae lying in paired depressions on the top of the abdomen, not a lateral row running the length of the body | 'three tail filaments (two for Epeorus/Quill Gordon)' - leaked template text naming an unrelated genus | 'Ephemerella spp.' is genus-level; the PMD hatch is E. excrucians in the west and E. dorothea infrequens, which differ in size and shade",high
fw-pmd-emerger,insect,food-fw,fal-ai/nano-banana-2,"Scientific entomological illustration, ink line and soft watercolor wash on plain cream paper, accurate anatomy, no text, no labels. A Pale Morning Dun mayfly (Ephemerella excrucians) emerging at the water surface, strict side view with a horizontal waterline across the image, total length about 8 mm. The mottled reddish-brown nymphal skin has split open along the mid-line of the back of the thorax and the pale yellow-olive adult dun is levering itself up and out, its two wings still soft, crumpled and pale grey. The emptied nymphal shuck hangs behind and below in the surface film, still showing its three hair-fringed tails and the flat oval gill plates on top of abdominal segments three to seven. The emerging adult has a slender pale yellow-olive abdomen, six thin legs and three long tail filaments. It is an aquatic insect at the moment of moulting into an adult, not a bird, not a shrimp.",minor,"no tail count is stated for either the shuck or the emerging dun - both are three in Ephemerella, and leaving it unsaid is the usual route to a wrongly drawn mayfly",medium
fw-pmd-dun,insect,food-fw,fal-ai/nano-banana-2,"Scientific entomological illustration, ink line and soft watercolor wash on plain cream paper, accurate anatomy, no text, no labels. An adult Pale Morning Dun mayfly (Ephemerella excrucians) at the dun or subimago stage, strict side view, standing on the water surface with a waterline across the image, body about 7 mm long. Slender segmented abdomen in pale yellow to soft yellow-olive, curving slightly upward at the rear; compact thorax; small head with compound eyes and short antennae; six thin legs. One pair of large wings held together vertically upright over the back like a sail, the membrane dull and opaque pale grey with a faint yellowish tinge along the leading edge, plus a distinctly smaller second pair of hindwings behind them. Three slender tail filaments, roughly body length, trailing behind. It is an adult aquatic insect, a mayfly, not a bird, not a moth.",minor,"'two or three very long thin tail filaments' - Ephemerella adults have three tails; Wikipedia's Ephemerellidae page and Troutnut's Ephemerella material both give three tails in nymph and adult. The ambiguity permits a two-tailed drawing, which would be wrong | 'two large translucent opaque-tinted wings' - omits the second, smaller pair of hindwings, which are well developed and visible in Ephemerella",high
fw-pmd-spinner,insect,food-fw,fal-ai/nano-banana-2,"Scientific entomological illustration, ink line and soft watercolor wash on plain cream paper, accurate anatomy, no text, no labels. An adult Pale Morning Dun mayfly (Ephemerella excrucians) at the spent spinner stage, dead and lying flat in the water surface film, viewed from directly above, body about 7 mm long. Slender segmented abdomen in reddish-brown to rust, darker across the thorax. One pair of large fully clear glassy transparent wings with fine veins, spread flat out to the sides in a cross shape and lying on the water, plus a smaller second pair of clear hindwings behind them. Small head with compound eyes, six thin legs collapsed and splayed. Three long slender tail filaments, longer than the body, splayed apart behind, whitish with fine dark brown bands at the joints. It is an adult aquatic insect, a mayfly, not a bird, not a dragonfly.",minor,"'two or three extremely long tail filaments splayed' - Ephemerella adults have three tails, not two | 'two clear glassy transparent wings' - omits the second smaller pair of hindwings",high
fw-hendrickson-nymph,insect,food-fw,fal-ai/nano-banana-2,"Scientific entomological illustration, ink line and soft watercolor wash on plain cream paper, accurate anatomy, no text, no labels. A Hendrickson mayfly nymph (Ephemerella subvaria), the aquatic immature insect underwater, dorsal view from directly above, body about 11 mm long excluding the tails. Robust stocky spiny crawler, mottled reddish-brown and olive. Flat oval gill plates lie on TOP of abdominal segments three to seven only, overlapping backwards like roof tiles; segments one and two carry no gills. A row of small paired spines or tubercles runs down the middle of the abdominal segments. Small head with short antennae and eyes at the sides; thorax bears one pair of dark forewing pads and a smaller pair of hindwing pads, with no actual wings. Six sturdy legs, the front femora thickened and bristly, each tibia marked with two dark bands. Three tail filaments densely fringed with fine hairs and held spread wide in a fan. It is an aquatic insect nymph, not a bird, not a shrimp.",minor,"'a row of small gills along each side' - Ephemerella gills sit as flat overlapping plates on the TOP of segments 3-7, with no gill on segment 2; a lateral row along the whole abdomen is wrong for this family | 'three tail filaments (two for Epeorus/Quill Gordon)' - leaked template text about an unrelated genus",high
fw-hendrickson-dun,insect,food-fw,fal-ai/nano-banana-2,"Scientific entomological illustration, ink line and soft watercolor wash on plain cream paper, accurate anatomy, no text, no labels. An adult Hendrickson mayfly (Ephemerella subvaria) at the dun or subimago stage, strict side view, standing on the water surface with a waterline across the image, body about 10 mm long. Slender segmented abdomen curving slightly upward at the rear, pinkish-tan to olive-tan in the female form and deep reddish-brown in the male form, shaded smoky along the lower edges of the segments. Deep brown thorax with reddish tinges, small head with large compound eyes tinted reddish-brown, short antennae, six thin dull amber legs. One pair of large wings held together vertically upright over the back like a sail, the membrane dull opaque smoky slate grey with distinctly light brown veins, plus a smaller second pair of hindwings behind them. Three slender tail filaments, roughly body length, pale yellowish at the base with fine smoky brown bands at the joints. It is an adult aquatic insect, a mayfly, not a bird, not a moth.",minor,"'two or three very long thin tail filaments' - Ephemerella adults have three tails; the ambiguity permits a wrong two-tailed drawing | 'two large translucent opaque-tinted wings' - omits the second, smaller pair of hindwings",high
fw-hendrickson-spinner,insect,food-fw,fal-ai/nano-banana-2,"Scientific entomological illustration, ink line and soft watercolor wash on plain cream paper, accurate anatomy, no text, no labels. An adult Hendrickson mayfly (Ephemerella subvaria) at the spent spinner stage, dead and lying flat in the water surface film, viewed from directly above, body about 10 mm long. Slender segmented abdomen in rusty reddish-brown with paler margins between the segments, thorax darker. One pair of large fully clear glassy transparent wings crossed by fine light brown veins, spread flat out to the sides in a cross shape and lying on the water, plus a smaller second pair of clear hindwings behind them. Small head with large compound eyes, six thin legs collapsed and splayed. Three long slender tail filaments, longer than the body, splayed apart behind, pale with fine smoky brown bands at the joints. It is an adult aquatic insect, a mayfly, not a bird, not a dragonfly.",minor,'two or three extremely long tail filaments splayed' - Ephemerella adults have three tails | 'two clear glassy transparent wings' - omits the smaller pair of hindwings,medium
fw-march-brown-nymph,insect,food-fw,fal-ai/nano-banana-2,"Scientific entomological illustration, ink line and soft watercolor wash on plain cream paper, accurate anatomy, no text, no labels. A March Brown mayfly nymph (Maccaffertium vicarium), the aquatic immature insect underwater, dorsal view from directly above, body about 14 mm long excluding the tails. Strongly flattened, wide, pancake-shaped clinger in mottled light and dark brown. Broad blunt rounded head, as wide as the thorax, with the compound eyes set on the upper surface of the head and short antennae. Six legs splayed straight out to the sides rather than beneath the body, the femora broad and flat and banded with dark markings. Seven pairs of oval flat plate gills along the sides of abdominal segments one to seven, projecting out past the edges of the body like a fringe of small paddles. Thorax bears one pair of dark forewing pads and a smaller pair of hindwing pads, with no actual wings. Three slender tail filaments with dark bands, held spread apart. It is an aquatic insect nymph, not a bird, not a shrimp.",minor,"'three tail filaments (two for Epeorus/Quill Gordon)' - leaked template text; Maccaffertium nymphs have three tails and the Epeorus aside only invites a wrong two-tailed drawing | 'small head with short antennae' understates the key character - the Heptageniid head is broad, flat and blunt, as wide as or wider than the thorax, with the eyes on the upper surface",high
fw-march-brown-dun,insect,food-fw,fal-ai/nano-banana-2,"Scientific entomological illustration, ink line and soft watercolor wash on plain cream paper, accurate anatomy, no text, no labels. An adult March Brown mayfly (Maccaffertium vicarium) at the dun or subimago stage, strict side view, standing on the water surface with a waterline across the image, a large mayfly with a body about 12 mm long and wings about 15 mm. Stout segmented abdomen curving slightly upward at the rear, pale yellowish-tan to reddish-brown with darker markings along the segment edges; robust thorax; head with large compound eyes and short antennae; six legs banded with dark marks. One pair of large wings held together vertically upright over the back like a sail, the membrane pale and only faintly clouded but crossed by heavy yellowish-brown lengthwise veins and dark purplish-brown crossveins, which together give the wing a strongly barred, netted appearance; a smaller second pair of hindwings sits behind them. Exactly two long slender tail filaments trailing behind. It is an adult aquatic insect, a mayfly, not a bird, not a moth.",minor,"'two or three very long thin tail filaments' - Heptageniid adults including Maccaffertium have exactly two tails; Troutnut's M. vicarium page gives 2 tails for both dun and spinner. NOTE a source conflict: the Wikipedia Heptageniidae page loosely states adults have 'three long tails', but the species-level description and the standard family diagnosis give two, and I follow the species-level source | 'two large translucent opaque-tinted wings' - omits the smaller hindwing pair, which is well developed in Heptageniidae | 'heavily mottled wings' is an over-reading: Troutnut describes the wing me",medium
fw-green-drake-nymph,insect,food-fw,fal-ai/nano-banana-2,"Scientific entomological illustration, ink line and soft watercolor wash on plain cream paper, accurate anatomy, no text, no labels. An Eastern Green Drake mayfly nymph (Ephemera guttulata), the aquatic immature burrowing insect, dorsal view from directly above, a large nymph about 20 mm long excluding the tails. Elongate cylindrical pale greyish-brown body with no dark pattern on the abdominal segments. A pair of large mandibular tusks projects forward from the front of the head and curves upward, clearly visible from above. Fore tibiae broadened into shovel-like digging blades. Seven pairs of long, forked, elongate feathery gills with finely fringed margins on abdominal segments two to seven, curled up over the top of the abdomen so the whole insect looks fluffy along the back. Small head with short antennae; thorax bears dark wing pads and no actual wings; six legs. Three tail filaments fringed with fine hairs. NOTE: the western Green Drake, Drunella grandis, is a different insect and needs its own prompt - a stout spiny crawler with no tusks, erect finger-like spines down the back of the abdomen and flat plate gills. It is an aquatic insect nymph, not a bird, not a shrimp.",wrong,"'Drunella grandis / Ephemera guttulata' - one prompt cannot draw both; these are a tusked burrower and a spiny crawler with completely different silhouettes. This entry needs to be split into two prompts | 'a row of small gills along each side' - wrong for both. Ephemera gills are long, forked, feathery and held over the BACK; Drunella gills are flat plates on top of segments 3-7 | 'chunky crawler' with 'fringed gills' - the fringed feathery gills belong to the burrowing Ephemera, the crawler build belongs to Drunella; the prompt fuses characters from two animals into one non-existent insect |",high
fw-green-drake-dun,insect,food-fw,fal-ai/nano-banana-2,"Scientific entomological illustration, ink line and soft watercolor wash on plain cream paper, accurate anatomy, no text, no labels. An adult Eastern Green Drake mayfly (Ephemera guttulata) at the dun or subimago stage, strict side view, standing on the water surface with a waterline across the image, a very large mayfly with a body about 14 mm long and wings about 14 mm. Long stout segmented abdomen in creamy greenish-yellow with dark olive-brown markings along the sides of the segments, curving slightly upward at the rear; robust thorax; head with large compound eyes and short antennae; six legs. One pair of very large wings held together vertically upright over the back like a sail, the membrane pale and dull but heavily marked with dark purplish-brown blotches scattered along and between the veins, plus a smaller second pair of similarly blotched hindwings behind them. Three long slender tail filaments trailing behind. NOTE: the western Green Drake, Drunella grandis, is a separate species needing its own prompt - bright green fading to brown, abdomen conspicuously ringed dark purplish-brown with pale margins, wings pale with dark purplish-brown veins and no blotches. It is an adult aquatic insect, a mayfly, not a bird, not a moth.",wrong,"'Drunella grandis / Ephemera guttulata' - two species with different bodies and, crucially, different wings; the eastern insect has heavily blotched dark-patterned wings, the western has pale wings with dark veins only. One prompt cannot render both | 'Huge olive-green body, dark slate wings' matches neither source description cleanly: Troutnut gives E. guttulata as greenish-yellow with blotched wings and D. grandis as bright green fading to brown with an abdomen conspicuously ringed in purplish-brown and pale | 'two or three very long thin tail filaments' - both species have three tails as ad",high
fw-green-drake-spinner,insect,food-fw,fal-ai/nano-banana-2,"Scientific entomological illustration, ink line and soft watercolor wash on plain cream paper, accurate anatomy, no text, no labels. An adult Eastern Green Drake mayfly (Ephemera guttulata) at the spent spinner stage, the insect anglers call the Coffin Fly, dead and lying flat in the water surface film, viewed from directly above, a large mayfly with a body about 13 mm and wings about 14 mm. Long segmented abdomen chalky white to cream with small dark brown markings along the sides of the segments; darker brown thorax. One pair of large wings spread flat out to the sides in a cross shape and lying on the water, the membrane largely blackish and heavily clouded with dark purplish-brown blotches along the veins, plus a smaller second pair of similarly dark hindwings behind them; the overall effect is a striking black-and-white insect. Head with large compound eyes, six thin legs collapsed and splayed. Three very long slender tail filaments, longer than the body, splayed apart behind. It is an adult aquatic insect, a mayfly, not a bird, not a dragonfly.",wrong,"'two clear glassy transparent wings spread flat' directly contradicts the same prompt's own note 'Coffin fly (east) - cream body, dark wings, spent'. Troutnut describes the Coffin Fly's wings as 'largely blackish' with extensive dark purplish-brown blotches - the opposite of clear | 'Drunella grandis / Ephemera guttulata' with the Coffin Fly description attached - only E. guttulata produces the Coffin Fly; applying that name and colouring to the western Drunella is simply wrong | 'two or three extremely long tail filaments' - Ephemera adults have three tails | 'two clear glassy transparent win",high
fw-trico-nymph,insect,food-fw,fal-ai/nano-banana-2,"Scientific entomological illustration, ink line and soft watercolor wash on plain cream paper, accurate anatomy, no text, no labels. A Trico mayfly nymph (Tricorythodes species), the aquatic immature insect underwater, dorsal view from directly above, a very small nymph about 4 mm long excluding the tails. Squat, short, slightly flattened dark brown to blackish body, often dusted with fine silt. On abdominal segment two, a pair of enlarged hardened roughly triangular gill covers lies flat over the back like small shields, meeting near the mid-line without fusing and concealing the small simple plate gills of segments three to six beneath them; no gills project along the sides of the rear abdomen. Small head with short antennae and eyes at the sides. Thorax bears only ONE pair of dark wing pads, with no hind wing pads at all and no actual wings. Six short legs, each with a single claw. Three slender tail filaments. It is an aquatic insect nymph, not a bird, not a shrimp.",minor,"'a row of small gills along each side' - macroinvertebrates.org gives Tricorythodes a semi-operculate triangular or oval gill cover on segment 2 concealing the plate gills of segments 3-6; an exposed lateral row is the wrong silhouette for this genus | 'dark wing pads on the thorax' left unqualified - Tricorythodes 'lack hind wing pads', a stated genus-level diagnostic, so there is only ONE pair of wing pads | 'three tail filaments (two for Epeorus/Quill Gordon)' - leaked template text about an unrelated genus",high
fw-trico-dun,insect,food-fw,fal-ai/nano-banana-2,"Scientific entomological illustration, ink line and soft watercolor wash on plain cream paper, accurate anatomy, no text, no labels. An adult Trico mayfly (Tricorythodes), subimago or dun stage, a single live insect in strict side view standing on the water surface film. Very small: body only 2.5 to 5 mm long, fore wing 3.5 to 7 mm. Slender segmented abdomen of ten visible segments, olive to reddish-brown in the female and pitch-black in the male, a compact darker thorax, a small head with large dark compound eyes and very short fine antennae, six thin legs. One conspicuous pair of triangular fore wings held together vertically upright over the back like a sail, their surface dull, cloudy and opaque rather than glassy, finely veined, with a fringe of minute hairs along the margin; the hind wings are vestigial, mere tiny pads at the wing base carrying only two or three simple veins, almost invisible. Exactly three long thin tail filaments trailing straight behind - two outer cerci and a median terminal filament - noticeably longer in the male than the female. It is a live adult aquatic insect, a mayfly, not a bird, not a moth, not a fishing fly tied on a hook.",minor,"'two or three very long thin tail filaments trailing behind' - the sources are not ambiguous here: Troutnut's key to families of duns and spinners gives Leptohyphidae (Tricorythodes) 'three well-developed tails'. The number is three, not 'two or three'. | 'two large translucent opaque-tinted wings' - self-contradictory, and wrong for a dun. The subimago wing is dull and partially cloudy, not translucent; and the wings are not 'large' - wing length is only 3.5-7 mm and the fore wings are the only conspicuous pair because the hind wings are vestigial. | 'very long thin tail filaments' for a dun ",high
fw-trico-spinner,insect,food-fw,fal-ai/nano-banana-2,"Scientific entomological illustration, ink line and soft watercolor wash on plain cream paper, accurate anatomy, no text, no labels. A single adult Trico mayfly (Tricorythodes), spent spinner or imago stage, dead and lying flat in the surface film, viewed from directly above. Very small: body 2.5 to 5 mm long. Slender ten-segmented abdomen, pitch-black in the male and reddish-brown to olive in the female, compact dark thorax, small head with large dark compound eyes. One pair of triangular fore wings, whitish and hyaline with fine venation and conspicuously blackened leading-edge veins, spread flat and limp out to the sides at right angles to the body in a cross shape, resting on the water; hind wings vestigial, tiny pads with only two or three simple veins. Six thin legs collapsed and splayed, brownish femora and pale yellowish-white feet. Exactly three long thin tail filaments splayed behind, whitish with dark joints, roughly twice the body length in the male. The posture is that of a dying insect: limp, unsupported, pinned in the surface film. It is a live-collected adult aquatic insect, a mayfly, not a bird, not a spider, not a fishing fly tied on a hook.",minor,"'two or three extremely long tail filaments splayed' - the count is three, per Troutnut's family key for Leptohyphidae; and 'extremely long' is a male character (tails about twice body length), not a female one. | 'two clear glassy transparent wings' - the species description says 'whitish, hyaline' with distinctly blackish or purplish-black costal and subcostal veins in the male, so not plainly clear glass; and it omits the vestigial hind wings that are the diagnostic Tricorythodes feature. | 'clouds of them over riffles at dawn' - this sentence describes a mating swarm and directly contradic",high
fw-caddis-larva,insect,food-fw,fal-ai/nano-banana-2,"Scientific entomological illustration, ink line and soft watercolor wash on plain cream paper, accurate anatomy, no text, no labels. Three caddisfly larvae of different genera shown side by side in strict lateral view, each a soft grub-like aquatic insect larva under 25 mm long. Left, a free-living Rhyacophila larva: bright green, no case and no retreat, body deeply constricted between segments so it looks beaded, a hard dark brown sclerotized head capsule, only the pronotum plated and the rest of the thorax soft, three pairs of jointed legs on the thorax and no other legs, and a terminal pair of stout anal prolegs each with a single curved hook. Centre, a Hydropsyche larva: tan-olive, all three thoracic segments covered by hard brown dorsal plates, dense rows of branched tufted pale gills along the underside of the abdomen, anal prolegs each with one hook and a conspicuous fan of long hairs, crouched at the mouth of a fixed silk-and-detritus retreat with a fine silk capture net stretched across the current beside it - not a portable case. Right, a Brachycentrus larva part-withdrawn into its portable case, the case tapered and square in cross-section and built from short plant strips laid crosswise, the larva's first abdominal segment without a dorsal hump. All three have chewing mouthparts, no wings, no wing pads and no antennae to speak of. It is an aquatic insect larva, not a caterpillar, not a bird, not a worm with legs, and not a fishing fly tied on a hook.",minor,"'often in a stick or pebble case' applied to all three genera - this is wrong for two of the three. Hydropsyche builds a fixed silk-and-detritus retreat with a filter net and does not carry a case; Rhyacophila is explicitly free-living with no case or retreat. | 'shown partly inside its tubular case of small pebbles and sticks' - Brachycentrus, the only case-maker named, builds a case that is square or round in cross-section from transversely arranged plant pieces, not a pebble tube. A pebble tube is a different family (Glossosomatidae, Limnephilidae). | 'three pairs of legs at the front' is c",high
fw-caddis-pupa,insect,food-fw,fal-ai/nano-banana-2,"Scientific entomological illustration, ink line and soft watercolor wash on plain cream paper, accurate anatomy, no text, no labels. A caddisfly pupa (pharate adult) of Hydropsyche, Rhyacophila or Brachycentrus, swimming up through open water, strict lateral view. Body curved into a comma, 10 to 20 mm long, tan to olive-brown with a darker thorax. Exarate pupa: every appendage free of the body and standing clear of it, not fused down like a moth chrysalis. Swollen thorax bearing two pairs of dark developing wing sheaths folded down along the sides. A pair of large dark sickle-shaped functional mandibles projecting forward from the head, used to cut out of the case. Very long thread-like antennae laid back along the sides of the body, reaching almost to the tip of the abdomen. Six free legs, the middle pair much the longest and fringed along their length with dense rows of fine swimming hairs, held out like oars. Segmented abdomen of soft pale segments, each bearing a transverse row of tiny dark hooks on its upper surface, and in some genera short filamentous pale gills along the sides. It is an aquatic insect pupa, not a shrimp, not a bird, not a caterpillar, and not a fishing fly tied on a hook.",minor,"'no legs visible' is not said here, but 'long legs and antennae swept back' understates it: the middle legs are the swimming oars and carry dense fringes of long hairs, which the prompt omits entirely. | 'a silvery sheen of trapped gas around the body' - I could not confirm this in an entomology source. The gas layer at caddis emergence is asserted throughout angling literature; the entomological sources consulted describe pupal gills and a swim to the surface, not a silver gas envelope. Treat as unverified rather than established.",medium
fw-caddis-adult,insect,food-fw,fal-ai/nano-banana-2,"Scientific entomological illustration, ink line and soft watercolor wash on plain cream paper, accurate anatomy, no text, no labels. An adult caddisfly (Hydropsyche, Rhyacophila or Brachycentrus), a single live insect in strict lateral view at rest on a wet stone at the water's edge. Two pairs of wings, four wings in all, the narrow fore pair folded down over the broader hind pair so that together they form a steep inverted V, a tent roof pitched over the whole abdomen and hiding it from the side. The wing surface is clothed in fine short hairs, mottled tan and brown, matte - not scaled and never iridescent. Small rounded head with two long thread-like antennae as long as the body or longer, held straight out in front. Mouthparts reduced to a short soft proboscis stub; there is no coiled butterfly tongue. Six slender legs, each foot with five small segments, some bearing spurs. Segmented tan-brown abdomen, hidden beneath the wings in side view. No tails, no cerci, no wing pads. It is an adult aquatic insect, a caddisfly - not a moth, not a bird, and not a fishing fly tied on a hook.",minor,"'mottled tan-brown wings folded over the back in a tent shape' - the tent shape is right but the wing COUNT is never stated. Caddis adults have two pairs, four wings; a prompt that just says 'wings' invites a two-winged drawing. | 'Moth-like' is used twice with no correction - the single most important difference is that caddis wings are clothed in fine hairs, not scales, and the adult has no coiled proboscis. As written the prompt is likely to produce a moth.",high
fw-caddis-diving,insect,food-fw,fal-ai/nano-banana-2,"Scientific entomological illustration, ink line and soft watercolor wash on plain cream paper, accurate anatomy, no text, no labels. An adult female caddisfly (Hydropsyche), egg-laying stage, shown fully underwater, swimming down beside a submerged stone, strict lateral view with the water surface visible far above. Two pairs of wings, four wings in all, clamped flat and tight along the back and against the sides of the abdomen in a slim streamlined shape - not tented, not raised. Wing surface clothed in fine hairs, mottled tan-brown, darkened and slicked down by the water, with a faint silvery sheen of trapped air clinging along the body and beneath the wings. Small head with two long thread-like antennae swept back along the body in the current. Six legs, the middle and hind pairs with conspicuously widened tibiae and basal foot segments fringed with long hairs and held out as swimming oars, the front legs tucked. Segmented tan-brown abdomen, its tip carrying a small clear gelatinous mass of pale eggs being pressed against the underside of the stone. No tails. It is an adult aquatic insect swimming underwater, a caddisfly - not a moth, not a bird, not a beetle, and not a fishing fly tied on a hook.",wrong,"'side view resting on the water surface' - flatly contradicts the stage. This entry is the egg-laying adult diving UNDERWATER; the prompt puts it on the surface. | 'wings folded over the back in a tent shape covering the abdomen' - contradicts the entry's own look note ('wings slick to body') and is wrong for a diving female, which clamps the wings tight and streamlined against the abdomen rather than tenting them. | The entire anatomy paragraph is copy-pasted verbatim from the fw-caddis-adult entry, so nothing in it is stage-specific. There is no diving posture, no submerged setting, no egg m",high
fw-golden-stone-nymph,insect,food-fw,fal-ai/nano-banana-2,"Scientific entomological illustration, ink line and soft watercolor wash on plain cream paper, accurate anatomy, no text, no labels. A Golden Stonefly nymph (Perlidae: Hesperoperla or Calineuria), the aquatic immature insect, dorsal view from directly above, crawling on a wet cobble. Large and robust, 20 to 40 mm long excluding tails, the body depressed and broad rather than paper-flat. Head broad and blunt with two long many-segmented antennae sweeping forward, chewing mouthparts, and a bold mottled pattern of dark brown on amber-gold across the head and the rectangular pronotum. Thorax of three plated segments; the second and third each bear a dark wing pad, giving two pairs of wing pads in all - never one pair. Six stout sprawling legs, each with two claws, and branched finger-like pale gill tufts clustered on the underside of the thorax at the base of each leg, just visible past the body edge from above. Long segmented golden-brown abdomen with darker banding on each segment. Exactly two long tail filaments - two cerci, never three - trailing behind, sometimes with a small pair of gill tufts between them. No wings, no case, no shell. It is an aquatic insect nymph, not a bird, not a beetle, not a worm with legs, and not a fishing fly tied on a hook.",minor,"'dark wing pads on the thorax' - the count is not given. Stonefly nymphs carry two pairs of wing pads, on the second and third thoracic segments, and the two-pairs point is exactly what separates them from a mayfly nymph's single pair. Leaving it vague wastes the contrast. | 'Flattened segmented body' is defensible for Perlidae but Troutnut describes adults as 'stout bodied' and 'much more ovoid in cross section'; the nymphs are depressed rather than paper-flat.",high
fw-golden-stone-adult,insect,food-fw,fal-ai/nano-banana-2,"Scientific entomological illustration, ink line and soft watercolor wash on plain cream paper, accurate anatomy, no text, no labels. An adult Golden Stonefly (Perlidae: Hesperoperla or Calineuria), a single live insect in dorsal view from directly above, at rest on a dry streamside rock. Elongated stout-bodied insect 15 to 40 mm long. Broad flat head with two very long many-segmented antennae sweeping forward, and behind it a distinct rectangular pronotum patterned dark brown on amber. Body golden-yellow to amber with darker brown mottling, not a flat uniform yellow. Two pairs of membranous wings, four wings in all, heavily and complexly veined, pale amber to smoky, folded flat and overlapping along the back so they lie parallel to the body and extend past the tip of the abdomen - flat, never tented like a caddis and never raised upright like a mayfly. Six sprawling legs, each with shrivelled pale gill remnants at its base. Segmented abdomen and exactly two long many-segmented tail filaments (cerci) projecting straight back from the tip. It is an adult aquatic insect, a stonefly - not a bird, not a cockroach, not a caddisfly, and not a fishing fly tied on a hook.",minor,"'Golden-yellow body' alone - Troutnut emphasises that Perlidae adults are patterned rather than uniformly coloured, and Hesperoperla pacifica specifically has 'a more somber appearance' than Calineuria. A flat golden-yellow wash loses the genus difference and the pronotal pattern.",medium
fw-salmonfly-nymph,insect,food-fw,fal-ai/nano-banana-2,"Scientific entomological illustration, ink line and soft watercolor wash on plain cream paper, accurate anatomy, no text, no labels. A Giant Salmonfly nymph (Pteronarcys californica), the aquatic immature insect, dorsal view from directly above, crawling on a wet cobble. Very large and heavily built: 40 to 50 mm long excluding tails, up to two inches. Dark brown to near-black across the back, the underside noticeably paler. Broad blunt head with chewing mouthparts and two long many-segmented antennae sweeping forward, a rectangular pronotum with rounded corners behind it. Thorax of three plated segments, the second and third each bearing a dark wing pad, so two pairs of wing pads in all - never one pair. Six stout sprawling legs, each with two claws. Thick pale filamentous gill tufts on the underside of the thorax at the leg bases AND a further pair of gill tufts on the underside of the first and second abdominal segments, just showing past the body outline from above. Long segmented abdomen of ten visible segments. Exactly two SHORT stubby tail filaments at the tip, no longer than half the abdomen - short, not streaming. No wings. It is an aquatic insect nymph, not a bird, not a beetle, not a cockroach, not a worm with legs, and not a fishing fly tied on a hook.",minor,"'two long tail filaments (never three)' - the count of two is right but 'long' is wrong. The Oregon account gives Pteronarcys cerci as 'half the abdominal length or less'. Salmonfly nymph tails are conspicuously SHORT and stubby, which is a field mark. | 'tufted gills at the bases of the legs' as the only gills - incomplete to the point of being wrong. Pteronarcyidae is defined against Perlidae by also having thick filamentous gill tufts on the underside of abdominal segments 1 and 2. | 'Flattened segmented body' - the Pteronarcys nymph is heavy and robust, dark above and lighter below; the Or",high
fw-salmonfly-adult,insect,food-fw,fal-ai/nano-banana-2,"Scientific entomological illustration, ink line and soft watercolor wash on plain cream paper, accurate anatomy, no text, no labels. An adult Giant Salmonfly (Pteronarcys californica), a single live insect in dorsal view from directly above, at rest on a dry streamside rock. Very large: body 40 to 50 mm long, females larger than males. Upper surface light to dark brown, nearly black on the head, with a vivid orange band immediately in front of and immediately behind the small rectangular prothorax like a collar, and orange showing at the leg joints; the underside, glimpsed at the body edges, is pale to bright orange. Broad blunt head with two long many-segmented antennae sweeping forward. Two pairs of wings, four wings in all, greyish and smoky with heavy dark venation, folded flat and overlapping along the back so they lie parallel to the body and extend well beyond the tip of the abdomen - flat, never tented like a caddis and never upright like a mayfly. Six sprawling legs with orange joints. Segmented brown abdomen, with shrivelled non-functional gill remnants on the first two segments. Exactly two SHORT tail filaments at the tip, no more than half the length of the abdomen. It is an adult aquatic insect, a stonefly - not a bird, not a cockroach, not a wasp, and not a fishing fly tied on a hook.",minor,"'two long tail filaments' - wrong. The Oregon account gives adult cerci as one-half the abdominal length or less. Salmonfly adult tails are short. | 'Huge orange-and-black adult' combined with 'dorsal view resting on a rock' - these fight each other. The orange is largely ventral (pale to bright orange underside) plus bands immediately in front of and behind the prothorax and at the leg joints; the dorsal surface is light to dark brown with grey-brown wings over it. A dorsal view would read as mostly dark with orange collar bands, not as an orange-and-black insect. | The anatomy paragraph is s",high
fw-yellow-sally-nymph,insect,food-fw,fal-ai/nano-banana-2,"Scientific entomological illustration, ink line and soft watercolor wash on plain cream paper, accurate anatomy, no text, no labels. A Little Yellow Sally stonefly nymph (Isoperla, family Perlodidae), the aquatic immature insect, dorsal view from directly above, crawling among gravel. Small and SLENDER: an elongate, roughly cylindrical body well under 20 mm long, not broad and not flattened. Pale yellow-brown to olive-yellow ground colour with a distinct dark pigment pattern on the head and on the rectangular pronotum, and two or three dark longitudinal stripes running the length of the abdomen. Head with chewing mouthparts and two long many-segmented antennae sweeping forward. Thorax of three segments, the second and third each bearing a small dark wing pad, so two pairs of wing pads in all - never one pair. Six slender legs, each with two claws, the hind legs not reaching the tip of the abdomen. There are NO gills anywhere: no tufts at the leg bases, none on the underside of the thorax, none on the abdomen - the body surface is smooth and bare, which is what identifies this genus. Exactly two long thin tail filaments at the tip, as long as the abdomen or longer. No wings. It is an aquatic insect nymph, not a bird, not a beetle, not a silverfish, not a worm with legs, and not a fishing fly tied on a hook.",wrong,"'tufted gills at the bases of the legs' - flatly wrong. Isoperla nymphs have NO thoracic gills and no abdominal gills; macroinvertebrates.org calls their absence a diagnostic character of the genus. This is Perlidae anatomy pasted onto a perlodid. | 'Flattened segmented body' - wrong body form. Isoperla nymphs are slender and elongate, roughly cylindrical, not the broad depressed shape of a Golden Stone. | 'Small yellow-brown stonefly nymph' with no pattern - the genus is defined visually by strong dark longitudinal pigment bands on the abdomen and a distinct pigment pattern on the head and th",high
fw-yellow-sally-adult,insect,food-fw,fal-ai/nano-banana-2,"Scientific entomological illustration, ink line and soft watercolor wash on plain cream paper, accurate anatomy, no text, no labels. An adult Little Yellow Sally stonefly (Isoperla), a single live insect in dorsal view from directly above, at rest on a sunlit streamside rock. Small to medium, roughly 8 to 15 mm long, slender. Body sulphur to greenish yellow overall, often with a narrow darker median line running down the head, the rectangular pronotum and the abdomen; in many individuals the abdomen itself is a striking fiery red or orange-red showing through the pale yellow of the back, not merely a red tip. Head with two long many-segmented pale antennae sweeping forward. Two pairs of wings, four wings in all, pale yellowish and translucent with yellow-brown venation, folded flat and overlapping along the back so they lie parallel to the body and extend past the tip of the abdomen - flat, never tented like a caddis and never upright like a mayfly. Six slender yellow legs. Exactly two long many-segmented tail filaments (cerci) projecting straight back from the abdomen tip. It is an adult aquatic insect, a stonefly - not a bird, not a wasp, not a caddisfly, and not a fishing fly tied on a hook.",minor,"'sometimes red-tipped abdomen' - understated and slightly off. Troutnut describes whole 'fiery red abdomens' under apparently plain yellow bodies, not merely a red tip. The red-tip formulation comes from fly-tying convention rather than the entomological description. | 'flat wings' with no colour - Isoperla adult wings are pale yellowish and translucent, not stated.",medium
fw-midge-larva,insect,food-fw,fal-ai/nano-banana-2,"Scientific entomological illustration, ink line and soft watercolor wash on plain cream paper, accurate anatomy, no text, no labels. A midge larva (Chironomidae), the aquatic immature insect, strict lateral view, curved into a loose C or figure-of-eight in open water. A slender, elongate, distinctly segmented cylindrical body, a few millimetres to about 20 mm long. Colour either translucent blood-red - the bloodworm form, red because the blood carries haemoglobin - or olive, cream or dark brown in other groups. At the front a small hard dark sclerotized head capsule, fully exposed and not retracted into the body, with tiny chewing mouthparts. Immediately behind the head, on the first thoracic segment, a pair of short stumpy unjointed fleshy prolegs tipped with a crown of small hooked claws; a second pair of similar prolegs at the very tip of the abdomen, and beside them a few pale finger-like anal tubules. There are NO jointed legs, no wings, no wing pads, no antennae to speak of and no tails. It is an aquatic insect larva, a true fly larva, not an earthworm, not a bird, not a snake, not a worm with legs, and not a fishing fly tied on a hook.",minor,"'no legs' stated flatly - true for jointed thoracic legs, but the larva does have a pair of unjointed fleshy prolegs bearing a crown of hooked claws on the first thoracic segment and a second pair at the tail end. 'No legs at all' will produce a smooth featureless thread, losing two real structures. | 'A thin slender segmented worm-like body' with no size - chironomid larvae range from a couple of millimetres to well over 20 mm depending on genus; a single 'tiny' is not a description.",high
fw-midge-pupa,insect,food-fw,fal-ai/nano-banana-2,"Scientific entomological illustration, ink line and soft watercolor wash on plain cream paper, accurate anatomy, no text, no labels. A midge pupa (Chironomidae), the aquatic pupal stage, strict lateral view, ascending through open water just beneath the surface film with its body flexed. Comma-shaped: a swollen bulbous cephalothorax at the front tapering into a slender, slightly flattened abdomen of nine clearly articulated segments. Length 3 to 18 mm. Body translucent olive, amber or dark brown, the thorax darkest. On top of the thorax immediately behind the head, a pair of pale respiratory thoracic horns - branched feathery plumes in some genera, simple short tubes in others - standing up like a tuft. Down the sides and underside of the thorax, dark developing wing sheaths and, beside them, curved leg sheaths pressed against the body. Fine pale hair fringes along the sides of the abdominal segments. At the tail the last segment widens into two flat anal lobes whose outer margins carry a dense fringe of long swimming hairs, forming a paddle. No jointed free legs, no open wings, no tails. It is an aquatic insect pupa, a true fly pupa, not a shrimp, not a bird, not a tadpole, and not a fishing fly tied on a hook.",minor,"'a tuft of white gill filaments on the head' - misplaced. The paired respiratory organs are THORACIC horns, borne on the thorax immediately behind the head, not on the head itself, and their shape varies greatly by genus from a simple tube to a branched plume. | 'no legs visible' - wrong. The swollen thorax carries visible leg sheaths (podotheca) as well as wing sheaths, curved down along the underside. | 'hanging vertically just under the water surface' as the sole posture - the review describes the pupa actively ascending by whole-body eel-like undulation; the motionless vertical hang is an ",high
fw-midge-adult,insect,food-fw,fal-ai/nano-banana-2,"Scientific entomological illustration, ink line and soft watercolor wash on plain cream paper, accurate anatomy, no text, no labels. An adult male midge (Chironomidae), a single live insect in strict lateral view standing on the water surface film. Small and delicate, 1 to 20 mm long, body dark brown to black, slender, with a humped thorax and a narrow segmented abdomen. Exactly TWO wings - one pair - clear and unmarked, held back over the abdomen and slightly overlapping, narrow and glassy; the wing membrane bears fine hairs but NO scales. Immediately behind the wing bases, a pair of tiny knobbed stalks, the halteres, marking this as a two-winged fly. Head small with large dark compound eyes and, in the male, large feathery plumose antennae like two bottle brushes - much larger than the female's. Mouthparts are short and non-functional: there is NO long piercing proboscis, this insect does not bite. Six very long thin legs: the insect stands on the two hind pairs while the front pair is held up and out in front of the head, raised clear of the surface. No tails, no cerci, no wing pads. It is an adult aquatic insect, a non-biting midge, not a mosquito, not a crane fly, not a bird, and not a fishing fly tied on a hook.",minor,"'Looks like a tiny mosquito' with no correction - the two named differences from a mosquito are that chironomids have no scales on the wings and no elongated piercing mouthparts. Telling the model it looks like a mosquito without stating those negatives is the most likely way to get a drawn proboscis. | 'long thin legs' with no posture - the diagnostic chironomid stance is resting on the hind two pairs of legs with the FORELEGS held out and raised in front, often vibrating. The prompt omits it. | 'two clear wings folded flat over the back' - the wings are held over the abdomen, typically narro",high
fw-hopper-adult,insect,food-fw,fal-ai/nano-banana-2,"Scientific entomological illustration, ink line and soft watercolor wash on plain cream paper, accurate anatomy, no text, no labels. An adult short-horned grasshopper (Acrididae, suborder Caelifera), a single live insect in strict lateral view clinging to a grass stem. Body 20 to 50 mm, tan, straw-yellow or grass-green, often mottled. Head held vertically, deeper than long, with the chewing mouthparts at the bottom, a large pair of bulging compound eyes set high, three tiny simple eyes between them, and two SHORT stout thread-like antennae no longer than the head and thorax together - short, never long and whip-like. Saddle-shaped pronotum behind the head. Six legs: two short pairs at the front, and a pair of greatly enlarged hind legs, the femur thick, robust and marked with several oblique ridges, folded into a sharp jump-ready Z, the long tibia below it lined with two rows of small spines. Two pairs of wings folded along the back: the narrow leathery forewings (tegmina) lying like straight covers over the sides of the abdomen, with the large membranous hind wings folded fanwise and hidden beneath them. Segmented abdomen with a round membranous tympanum on the side of the first segment. It is an adult insect, a grasshopper - not a cricket, not a katydid, not a bird, and not a fishing fly tied on a hook.",minor,"'two antennae' with no length given - the defining character of a grasshopper as against a cricket or katydid is that the antennae are SHORT and stout. An unqualified 'two antennae' invites long katydid antennae and the wrong insect. | 'wings folded along the back' with no count or structure - there are two pairs: narrow leathery tegmina covering large membranous fan-folded hind wings. As written this could produce anything. | 'Orthoptera' is used as though it were the taxon of a grasshopper; Orthoptera also contains crickets and katydids. The relevant group is the suborder Caelifera, family A",high
fw-ant-adult,insect,food-fw,fal-ai/nano-banana-2,"Scientific entomological illustration, ink line and soft watercolor wash on plain cream paper, accurate anatomy, no text, no labels. An adult worker ant (Formicidae), a single live insect in strict lateral view walking on a twig. Small, 2 to 10 mm long, glossy black or warm cinnamon-brown. The body is in three distinct parts: a rounded head, a compact arched mesosoma bearing all the legs, and a smooth bulbous gaster behind. Between the mesosoma and the gaster the waist is pinched into one or two small raised node-like segments, the petiole - a sharply defined hinge, not a gentle narrowing. Head with strong forward-projecting toothed mandibles, a pair of compound eyes on the sides and three tiny simple eyes on top, and two elbowed antennae: a long straight first segment rising from near the mouth, then a sharp bend and a shorter jointed club angled forward. Six slender legs attached to the mesosoma, each ending in a small hooked claw. This is a worker, so it is completely WINGLESS - no wings, no wing stubs, no wing pads; only queens and males have wings. No tail, no sting shown. It is an adult terrestrial insect, an ant - not a wasp, not a bee, not a bird, not a spider, and not a fishing fly tied on a hook.",minor,"The entry's own look note says 'Two distinct body segments with thin waist' - that is wrong, and it contradicts the prompt body, which correctly says three. Ants have three body regions: head, mesosoma and metasoma/gaster. Worth fixing at source so it does not leak into a future prompt. | 'A Ant (Formicidae)' - grammatical slip in the prompt text itself. | 'Three body segments with a narrow waist' - correct as far as it goes, but the waist is specifically one or two node-like petiole segments, a visibly distinct pinched structure, not merely a narrowing.",high
fw-ant-flying,insect,food-fw,fal-ai/nano-banana-2,"Scientific entomological illustration, ink line and soft watercolor wash on plain cream paper, accurate anatomy, no text, no labels. A winged reproductive ant (Formicidae, alate), side view on plain ground. Three body regions - a head, a mesosoma (thorax), and a bulbous gaster - joined by a sharply constricted waist formed by one or two raised petiole nodes. Head bears a pair of geniculate elbowed antennae with a long first segment, large compound eyes, and three tiny ocelli on top. Six slender legs, three on each side, each ending in a hooked claw. Two pairs of clear membranous veined wings held over the back, the fore wing distinctly larger than the hind wing, both wings longer than the body. Dark brown to black body about 8 mm long. It is a winged adult ant, an insect, not a wasp, not a termite, and not a fish.",minor,"""two pairs of clear wings"" is the right count but implies four equal wings; Hymenoptera sources state the hind wing is distinctly smaller than the fore wing and is coupled to it by hamuli | ""Winged ant during mating swarms, trout key on them hard"" - fishing behaviour text left inside an image prompt; 'trout key on them hard' invites the model to draw a fish",high
fw-beetle-adult,insect,food-fw,fal-ai/nano-banana-2,"Scientific entomological illustration, ink line and soft watercolor wash on plain cream paper, accurate anatomy, no text, no labels. A small terrestrial beetle (Coleoptera), dorsal view from directly above on plain ground. Broad oval domed body about 10 mm long in three regions: a small head at the front, a hard shield-like pronotum plate behind it, and a pair of hard shiny convex wing covers (elytra) that cover the entire abdomen and meet along a straight suture down the midline of the back, with the membranous flight wings folded hidden underneath. Six legs, three on each side, emerging from beneath the body. One pair of segmented antennae on the head, moderately short with about eleven segments. Glossy black to warm chestnut brown with a faint metallic sheen. It is a live beetle, an insect with hard wing covers, not a ladybug toy, not a cockroach, and not a fishing fly.",minor,"""Hard rounded black or brown shell, sits low in the film"" - 'sits low in the film' is fly-fishing behaviour text left inside an image prompt, not anatomy | ""short antennae"" is asserted for the whole order Coleoptera; sources say antennae usually have 11 or fewer segments but vary enormously in length and form between families",high
fw-scud-adult,insect,food-fw,fal-ai/nano-banana-2,"Scientific entomological illustration, ink line and soft watercolor wash on plain cream paper, accurate anatomy, no text, no labels. A freshwater scud (Amphipoda, e.g. Gammarus), side view, aquatic, body curled into a comma or C shape. Body about 12 mm long, strongly flattened side to side so it is tall and narrow, divided into roughly thirteen visible segments with no shell-like carapace over the back. Small head with two pairs of antennae, the second pair long and whip-like, and small black sessile compound eyes set flush in the head with no eyestalks. Two pairs of small clawed grasping gnathopods at the front, followed by seven pairs of slender jointed walking legs along the thorax, then several pairs of short feathery swimming pleopods beneath the curled abdomen and three small pairs of uropods at the tail end, with no flat fan tail. Translucent olive to tan with faint darker banding and a hint of orange. It is a live freshwater crustacean, an amphipod, not an insect, not a true shrimp, and not a shrimp cocktail.",minor,"""Curved shrimp-like body"" is the only body description given and risks producing an actual shrimp; sources stress amphipods lack a carapace and have sessile eyes with no eyestalks, unlike shrimp | no leg count, antennae count or segment count is given at all - the prompt gives the model nothing to count",high
fw-crayfish-adult,insect,food-fw,fal-ai/nano-banana-2,"Scientific entomological illustration, ink line and soft watercolor wash on plain cream paper, accurate anatomy, no text, no labels. A freshwater crayfish (Astacoidea), side view, aquatic, body about 8 cm long. The front half is a single hard carapace covering the fused head and thorax, ending in a pointed forward-projecting rostrum, with two compound eyes on short movable stalks, a short pair of antennules and a much longer pair of whip-like second antennae. Five pairs of legs on the thorax: the first pair enlarged into two big hinged pincer claws held forward, then four pairs of thinner walking legs, the front walking legs tipped with tiny claws. Behind the carapace a clearly six-segmented muscular abdomen with overlapping plates, five pairs of small feathery swimmerets underneath, and at the end a flat fan tail made of a central telson flanked by broad uropod plates. Mottled olive-brown with rust and orange tones, joints picked out darker. It is a live freshwater crustacean, not an insect, not a lobster on a plate, and not a shrimp.",minor,"""Lobster-like, olive-brown to rust, scoots backward with tail flip"" is the entire anatomy given; no claw, leg, antenna or segment count appears, which is the commonest failure mode for this animal",high
fw-sculpin-adult,insect,food-fw,fal-ai/nano-banana-2,"Scientific entomological illustration, ink line and soft watercolor wash on plain cream paper, accurate anatomy, no text, no labels. A sculpin (Cottidae, e.g. Cottus bairdii), a small bottom-dwelling fish about 8 cm long, side view resting on gravel underwater. Broad flattened wedge-shaped head, wider than the body, with a wide mouth and eyes set high on top of the head; the head tapers abruptly into a slender tubular body that narrows to the tail. Skin scaleless and slightly velvety. Two dorsal fins along the back - a low soft-spined front fin followed by a longer soft-rayed second fin - a single anal fin below the rear, very large fan-shaped pectoral fins spread wide just behind the head, small pelvic fins beneath them, and a rounded caudal fin. Faint lateral line along the flank. Olive-brown to slate grey, heavily mottled and speckled darker, with about four indistinct dark saddle bars across the back and a pale belly. It is a live freshwater fish, not an insect and not a tadpole.",minor,"""big flat head, mottled brown, large pectoral fins"" is correct as far as it goes but gives no fin structure; a single undivided dorsal fin is the likely result and sources are explicit that the dorsal fin is in two distinct parts",high
fw-minnow-adult,insect,food-fw,fal-ai/nano-banana-2,"Scientific entomological illustration, ink line and soft watercolor wash on plain cream paper, accurate anatomy, no text, no labels. A minnow or shiner (Cyprinidae, e.g. Luxilus cornutus), a small fish about 10 cm long, side view underwater. Body laterally compressed and slab-sided, deepest just ahead of the middle, tapering to a narrow tail base. Blunt snout with a small terminal oblique mouth and no barbels; large round eye. A single soft-rayed dorsal fin set on the midback, its base closer to the snout than to the tail, and no small fleshy adipose fin behind it. Deeply forked caudal fin, one anal fin under the rear, paired pectoral fins behind the gill cover and small pelvic fins beneath the belly. Regular rows of large cycloid scales and a faint lateral line running the length of the flank. Olive-green back with a fine dark midline stripe, bright silvery iridescent sides, silvery-white belly, plain fins. It is a live freshwater baitfish, not an insect and not a fishing lure.",minor,"""Slim silver-flashing baitfish, schools in shallows"" is the whole description; no fins, mouth, scales or lateral line are specified, and 'schools in shallows' is behaviour text left inside an image prompt of a single fish | ""Slim"" understates the shape - sources call the common shiner ""rather deep and slab-sided""",high
fw-leech-adult,insect,food-fw,fal-ai/nano-banana-2,"Scientific entomological illustration, ink line and soft watercolor wash on plain cream paper, accurate anatomy, no text, no labels. A freshwater leech (Hirudinea), adult, side view swimming in open water, body about 5 cm long in a smooth up-and-down undulating wave. Soft muscular worm-like body, flattened from top to bottom, tapering at both ends, its surface finely ringed by many close-set transverse annuli grouped into about thirty-four body segments. A small narrow sucker at the head end with several tiny paired dark eyespots along the top near the front, and a larger round disc-shaped sucker at the rear end. No legs, no bristles, no antennae. Glossy dark olive-brown to near-black on the back, often with fine paler speckling or a dull orange to olive underside. It is a live aquatic annelid worm, not an insect larva, not an eel, and not a strip of rabbit fur.",minor,"""Undulating flat black/brown/olive ribbon"" omits the suckers entirely - a leech without a posterior sucker is not a recognisable leech",high
fw-sulphur-nymph,insect,food-fw,fal-ai/nano-banana-2,"Scientific entomological illustration, ink line and soft watercolor wash on plain cream paper, accurate anatomy, no text, no labels. A Sulphur mayfly nymph (Ephemerella invaria / dorothea), the aquatic immature insect, dorsal view from directly above. Stout crawler about 8 mm long excluding tails, rounded rather than flattened in cross section. Small head with short antennae and eyes to the sides, a thorax bearing two dark unopened wing pads lying flat on the back, and a ten-segmented abdomen carrying a row of overlapping hardened oval gill plates on top of the rear segments, small paired spines along the sides. Six sturdy legs, three on each side, splayed outward, each banded with a darker ring. Exactly three slender tail filaments of equal length at the rear, faintly banded. Olive-brown to reddish brown speckled with pale yellowish dots. No wings, only wing pads. It is an aquatic immature insect, a mayfly nymph, not a shrimp and not a winged adult.",minor,"""three tail filaments (two for Epeorus/Quill Gordon)"" - a template parenthetical about a different genus left in a Sulphur prompt; it contradicts the instruction it is attached to and could produce a two-tailed Ephemerella. Ephemerella has three tails, full stop | ""a row of small gills along each side"" - sources describe Ephemerellidae gills as hardened operculate plates on the dorsal surface of the rear abdominal segments, not a fringe running along both flanks",high
fw-sulphur-emerger,insect,food-fw,fal-ai/nano-banana-2,"Scientific entomological illustration, ink line and soft watercolor wash on plain cream paper, accurate anatomy, no text, no labels. A Sulphur mayfly (Ephemerella invaria / dorothea) emerging at the water surface, side view at the waterline, the whole insect about 9 mm long. The brown nymphal skin has split open along the top of the thorax; the pale yellow to cream winged adult is pulling upward and forward out of the split, its two crumpled, damp, half-unfolded light grey forewings still folded against its back, six thin legs drawing free of the empty leg sheaths, three slender tails still partly inside the shuck. Behind and below it the emptied brown nymphal shuck lies collapsed and translucent in the surface film, its own three tails and the row of oval gill plates on its back still visible. Thin meniscus line of water across the scene. It is a live aquatic insect in the act of moulting at the surface, not a butterfly, not a fly pattern on a hook.",minor,"""the pale adult with crumpled, half-unfolded wings"" is correct but no tail count is given, and Ephemerella has exactly three",medium
fw-sulphur-dun,insect,food-fw,fal-ai/nano-banana-2,"Scientific entomological illustration, ink line and soft watercolor wash on plain cream paper, accurate anatomy, no text, no labels. An adult Sulphur mayfly (Ephemerella invaria / dorothea), freshly hatched dun stage, an insect, side view standing on the water surface, body about 9 mm long. Slender ten-segmented abdomen curving gently upward at the rear, compact thorax, small head with rounded compound eyes and very short antennae. Six thin legs, three on each side, the front pair longer and reaching forward. Two pairs of wings held together vertically upright over the back like a sail: a pair of large finely veined forewings, dull and opaque light grey rather than glassy, and beside them a much smaller pair of rounded hind wings. Exactly three long slender tail filaments trailing straight behind, pale brown with faint bars. Body pale sulphur yellow to cream with soft light brown markings along the top of the abdomen. It is an insect, a mayfly dun, not a bird, not a moth, and not a fishing fly.",minor,"""two or three very long thin tail filaments trailing behind"" - Ephemerella duns have exactly three tails; leaving the model a choice invites a two-tailed sulphur | ""two large translucent opaque-tinted wings held together vertically upright"" - mayflies have two pairs of wings; the small rounded hind wings are omitted, so the drawing will have half the wings | ""Bright yellow-orange body"" overstates the colour; sources give yellow to cream with light brown abdominal markings (invaria) or pale yellowish (dorothea), with reddish tones mainly in spinners",high
fw-sulphur-spinner,insect,food-fw,fal-ai/nano-banana-2,"Scientific entomological illustration, ink line and soft watercolor wash on plain cream paper, accurate anatomy, no text, no labels. An adult Sulphur mayfly (Ephemerella invaria / dorothea), spent spinner stage, an insect lying flat and dead on the water surface, viewed from directly above, body about 8 mm long. Slender ten-segmented abdomen, light reddish brown to smoky purplish brown along the top and pale yellowish white beneath, small thorax, small head with compound eyes and tiny antennae. Two pairs of wings lying spread flat out to the sides in a cross shape and resting in the surface film: a pair of large clear glassy hyaline forewings with fine pale veins, and beside each a much smaller rounded hind wing. Six thin legs splayed on the water. Exactly three extremely long slender tail filaments splayed behind, white with sharply marked dark purplish joinings. It is an insect, a spent mayfly spinner, not a bird, not a dragonfly, and not a fishing fly.",minor,"""two or three extremely long tail filaments splayed"" - the spinner has exactly three tails | ""two clear glassy transparent wings spread flat out to the sides"" - two pairs, not two wings; the small hind wings are omitted | ""Rusty-orange body"" - sources describe male spinners as light reddish brown and females as tan or cream; 'rusty-orange' is an approximation at best and wrong for females",high
fw-quill-gordon-nymph,insect,food-fw,fal-ai/nano-banana-2,"Scientific entomological illustration, ink line and soft watercolor wash on plain cream paper, accurate anatomy, no text, no labels. A Quill Gordon mayfly nymph (Epeorus pleuralis), the aquatic immature insect, dorsal view from directly above, about 11 mm long excluding tails. Strongly flattened teardrop-shaped body pressed low, with a broad blunt rounded head as wide as or slightly wider than the thorax and the eyes set on top of the head. Thorax bears two dark unopened wing pads lying flat. Ten-segmented abdomen fringed on each side by large flat oval gill plates that are held out sideways beyond the body outline and overlap one another, the front pair with large lobes reaching under the body without quite meeting. Six short stout legs splayed wide to the sides, clearly visible from above. Exactly two tail filaments at the rear, no third middle tail. Grey-olive to reddish brown with darker mottling. No wings, only wing pads. It is an aquatic immature insect, a flat clinging mayfly nymph, not a beetle and not a winged adult.",wrong,"""three tail filaments (two for Epeorus/Quill Gordon)"" - the lead instruction is flatly wrong for this species and contradicts its own parenthetical. Epeorus pleuralis has exactly two tails as a nymph and as an adult | ""a row of small gills along each side"" - sources describe the gills as large plates held out to the sides and overlapping, not small; understating them loses the diagnostic silhouette | ""Flat clinger, 2 tails, dark brown, emerges on the bottom then swims up"" - emergence behaviour text left inside an image prompt; also the prompt's own body text says three tails while the look not",high
fw-quill-gordon-dun,insect,food-fw,fal-ai/nano-banana-2,"Scientific entomological illustration, ink line and soft watercolor wash on plain cream paper, accurate anatomy, no text, no labels. An adult Quill Gordon mayfly (Epeorus pleuralis), freshly hatched dun stage, an insect, side view standing on the water surface, body about 10 mm long. Slender ten-segmented abdomen curving slightly upward at the rear with faint darker banding at the segment joints, compact thorax, small head with rounded compound eyes and tiny antennae. Six thin legs, three on each side, the front pair longer and held forward, each thigh marked with a small dark spot. Two pairs of wings held together vertically upright over the back like a sail: large finely veined forewings of uniform opaque slate grey, and beside them a much smaller pair of rounded hind wings. Exactly two long slender tail filaments trailing behind, no third middle tail. Body greyish-brown to olive-grey, some specimens described as reddish brown. It is an insect, a mayfly dun, not a bird, not a moth, and not a fishing fly.",minor,"""two or three very long thin tail filaments trailing behind"" - Epeorus duns have exactly two tails; offering three is an error for this genus | ""two large translucent opaque-tinted wings"" - two pairs of wings, not two; the small hind wings are omitted | ""first big hatch of the Appalachian spring"" - hatch-timing text left inside an image prompt, not anatomy",high
fw-blue-quill-nymph,insect,food-fw,fal-ai/nano-banana-2,"Scientific entomological illustration, ink line and soft watercolor wash on plain cream paper, accurate anatomy, no text, no labels. A Blue Quill mayfly nymph (Paraleptophlebia), the aquatic immature insect, dorsal view from directly above, about 8 mm long excluding tails. Slim, evenly built, softly rounded body, not flattened. Small head with short antennae, thorax bearing two dark unopened wing pads lying flat on the back, and a ten-segmented abdomen carrying a pair of slender forked gills on each of the front abdominal segments, each gill split into two thin pointed prongs standing out to the sides like tiny feathers. Six long thin legs, three on each side. Exactly three long slender tail filaments at the rear, roughly as long as the body and held apart. Dark chocolate brown to grey-brown with paler joints. No wings, only wing pads. It is an aquatic immature insect, a prong-gilled mayfly nymph, not a stonefly and not a winged adult.",minor,"""a row of small gills along each side"" - misses the one diagnostic feature of the family: the gills are forked into two slender prongs, which is why they are called prong-gilled mayflies | ""three tail filaments (two for Epeorus/Quill Gordon)"" - the parenthetical is about a different genus and has no business in a Paraleptophlebia prompt; it risks a two-tailed Blue Quill. Paraleptophlebia has three tails | ""Small dark brown swimmer"" - sources differ: Troutnut classifies Paraleptophlebia as crawlers that look like burrowers and swim well, while many guides call them swimmers; 'swimmer' is defens",high
fw-blue-quill-dun,insect,food-fw,fal-ai/nano-banana-2,"Scientific entomological illustration, ink line and soft watercolor wash on plain cream paper, accurate anatomy, no text, no labels. An adult Blue Quill mayfly (Paraleptophlebia), freshly hatched dun stage, an insect, side view standing on the water surface, body about 7 mm long, a small delicate mayfly. Slender ten-segmented abdomen curving slightly upward, compact thorax, small head with rounded compound eyes and tiny antennae. Six very thin legs, three on each side, the front pair longer and held forward. Two pairs of wings held together vertically upright over the back like a sail: a pair of large finely veined forewings of opaque smoky slate grey, and behind them a distinctly oval smaller pair of hind wings also held vertically. Exactly three long slender tail filaments trailing behind. Body dark brown to mahogany, some populations nearly grey-black. It is an insect, a small mayfly dun, not a bird, not a mosquito, and not a fishing fly.",minor,"""two or three very long thin tail filaments"" - Paraleptophlebia duns have three tails | ""two large translucent opaque-tinted wings"" - two pairs; Troutnut singles out the oval, vertically held hind wings as a distinguishing feature of this genus, so omitting them loses a diagnostic character | ""often confused with BWO"" - angler's comparison text left inside an image prompt",medium
fw-inchworm-adult,insect,food-fw,fal-ai/nano-banana-2,"Scientific entomological illustration, ink line and soft watercolor wash on plain cream paper, accurate anatomy, no text, no labels. An inchworm caterpillar (Geometridae larva), side view hanging in mid-air from a fine silk thread, body about 25 mm long. Slender smooth hairless cylindrical body, faintly ringed by its segments, arched up into a tall loop in the middle. Small rounded head at the front. Three pairs of short jointed true legs clustered just behind the head, then a bare middle section of the body with no legs at all, then only two or three pairs of stubby fleshy prolegs gripping at the rear end - it is this gap that makes the body loop. Bright leaf green with faint pale lengthwise stripes along the sides, some individuals grey-brown. A single fine silk thread runs upward from the head end. It is a live moth caterpillar, an insect larva, not an earthworm, not a leech, and not a piece of green chenille on a hook.",minor,"""Slender smooth bright green looper body arched in an inch shape"" gives no legs at all, which risks a legless grub or worm; the reduced proleg count is the reason the animal loops and is its single most diagnostic feature | entry id is 'fw-inchworm-adult' but the stage is 'larva' and the prompt correctly draws a caterpillar - the id/stage labelling is inconsistent, though the prompt itself is right",high
fw-mahogany-nymph,insect,food-fw,fal-ai/nano-banana-2,"Scientific entomological illustration, ink line and soft watercolor wash on plain cream paper, accurate anatomy, no text, no labels. A Mahogany Dun mayfly nymph (Paraleptophlebia bicornuta), the aquatic immature insect, dorsal view from directly above, about 10 mm long excluding tails, one of the largest of its genus. Slim, evenly built, softly rounded body. Head bears short antennae and a pair of large curved tusks projecting forward from the front of the head, one on each side of the mouth. Thorax carries two dark unopened wing pads lying flat on the back. Ten-segmented abdomen with a pair of slender forked gills on each front segment, every gill split into two thin pointed prongs held out to the sides. Six long thin legs, three on each side. Exactly three long slender tail filaments at the rear. Rich mahogany to dark brown with paler joints. No wings, only wing pads. It is an aquatic immature insect, a tusked prong-gilled mayfly nymph, not a stonefly, not a beetle larva, and not a winged adult.",minor,"""Slim brown swimmer, 3 tails"" plus the generic template omits the tusks - for P. bicornuta specifically the large paired head tusks are the single most distinctive feature and their absence makes the drawing a generic Paraleptophlebia | ""three tail filaments (two for Epeorus/Quill Gordon)"" - template parenthetical about a different genus, contradicting its own instruction; P. bicornuta has three tails | ""a row of small gills along each side"" - the family's gills are forked into two prongs, which the prompt does not say | ""Slim brown swimmer"" - Troutnut calls P. bicornuta nymphs clumsy swimmers",medium
fw-mahogany-dun,insect,food-fw,fal-ai/nano-banana-2,"Scientific entomological illustration, ink line and soft watercolor wash on plain cream paper, accurate anatomy, no text, no labels. An adult Mahogany Dun mayfly (Paraleptophlebia bicornuta), freshly emerged subimago (dun) stage, side view standing on the water surface, body about 10 mm long. Slender segmented abdomen held slightly upcurved, blackish-brown head and thorax, pale whitish middle abdominal segments shading to reddish-brown on the last three segments, small head with rounded compound eyes and very short antennae, six slender pale legs with the front pair reaching forward, and exactly THREE long thin tail filaments — count them, three, not two — held apart and roughly as long as the body. Four wings: one large triangular dull slate-grey forewing on each side held together upright and vertical over the back like a sail, with a much smaller oval hind wing tucked behind it. It is a mayfly, a soft-bodied aquatic insect with three tails and upright sail-like wings — not a bird, not a moth, not a stonefly, not a caddisfly.",minor,"""two or three very long thin tail filaments trailing behind"" — Paraleptophlebia has exactly three tails at every stage; Troutnut's genus page uses the ""three tails"" character precisely to separate it from the two-tailed baetids, so offering the model a choice invites the wrong count | ""two large translucent opaque-tinted wings"" — a Paraleptophlebia dun has four wings: a large triangular forewing plus a small separate oval hind wing on each side (Leptophlebiidae, unlike Baetidae, have well-developed hind wings) | ""fall on the Henry's Fork and South Fork"" is left inside the visual description; i",high
fw-callibaetis-nymph,insect,food-fw,fal-ai/nano-banana-2,"Scientific entomological illustration, ink line and soft watercolor wash on plain cream paper, accurate anatomy, no text, no labels. A Callibaetis mayfly nymph (Callibaetis, the speckled dun), the aquatic immature insect, dorsal view from directly above, body 6-12 mm long. Streamlined torpedo-shaped swimmer: slender segmented abdomen mottled light grey-brown and olive with pale speckles, an oval plate-like gill with a recurved flap projecting from each side of abdominal segments one through seven, dark rounded wing pads on the thorax and NO wings, six slender legs, a small rounded head with two long thin antennae each two to three times as long as the head is wide, and exactly THREE tail filaments of equal length fringed with fine hairs. It is a mayfly nymph — a wingless aquatic insect with side gills along the abdomen and three tails — not an adult mayfly, not a stonefly nymph, not a damselfly nymph, not a fly-tying pattern.",minor,"""three tail filaments (two for Epeorus/Quill Gordon)"" — this parenthetical is leaked boilerplate from another entry. Epeorus is a heptageniid clinger with nothing to do with Callibaetis, and putting ""two"" in the prompt at the point where the tail count is specified is the single most likely way to make the model draw a two-tailed nymph | ""Speckled tan swimmer, 3 tails, weed beds"" is dropped in as a raw note rather than as description, duplicating the tail count in shorthand",high
fw-callibaetis-dun,insect,food-fw,fal-ai/nano-banana-2,"Scientific entomological illustration, ink line and soft watercolor wash on plain cream paper, accurate anatomy, no text, no labels. An adult Callibaetis mayfly (Callibaetis, the speckled dun), freshly emerged subimago (dun) stage, side view standing on the water surface, body 6-12 mm long. Slender mottled tan and grey segmented abdomen held slightly upcurved, small thorax, small head with large rounded compound eyes and short fine antennae, six thin legs, and exactly TWO tail filaments — two, not three — held apart and about as long as the body. Two large grey-brown forewings, faintly opaque and marked with pale flecks along the veins, held together vertically upright over the back like a sail, with a very small hind wing tucked behind each. It is a mayfly, a soft-bodied insect with two tails and upright sail-like wings — not a bird, not a moth, not a caddisfly, not a fly-tying pattern.",minor,"""two or three very long thin tail filaments trailing behind"" — a Callibaetis dun has exactly two tails, and they are about body length, not 'very long'; the extremely long tails belong to the spinner stage. Both the count and the proportion are wrong for this stage | ""two large translucent opaque-tinted wings"" — the forewings are correct in number, but the prompt omits the tiny hind wings that Baetidae retain, and Hafele describes the dun wing as brown or grey with light vein markings rather than merely 'opaque-tinted' | ""Speckled gray wings, tan body — Silver Creek classic"" is left as an unpr",high
fw-callibaetis-spinner,insect,food-fw,fal-ai/nano-banana-2,"Scientific entomological illustration, ink line and soft watercolor wash on plain cream paper, accurate anatomy, no text, no labels. An adult female Callibaetis mayfly (Callibaetis, the speckled spinner), spent imago stage, lying flat and dead in the surface film, viewed from directly above, body 6-12 mm long. Slender mottled tan-brown segmented abdomen, two glassy transparent wings spread flat out to the sides in a cross shape with a row of small dark blotches along the leading edge of each wing, a very small clear hind wing behind each forewing, six thin legs sprawled limply, and exactly TWO thin tail filaments — two, not three — splayed behind and about twice the length of the body. It is a mayfly spinner, a soft-bodied insect with two tails lying with clear wings flat on the water — not a bird, not a dragonfly, not a moth, not a fly-tying pattern.",minor,"""two or three extremely long tail filaments splayed"" — exactly two tails; the count must not be left open | ""two clear glassy transparent wings"" — this contradicts the entry's own note ""Speckled clear wings spent"" and drops the one feature that identifies a female Callibaetis spinner: the row of small dark blotches along the leading edge of an otherwise clear wing | ""Speckled clear wings spent"" is left in as an unprocessed shorthand note rather than being described",high
sw-glass-minnow,prey,food-sw,fal-ai/nano-banana-2,"Scientific natural-history illustration, ink line and soft watercolor wash on plain cream paper, accurate anatomy, no text, no labels. An Atlantic silverside (Menidia menidia), also called a glass minnow, a single live fish in strict left side view underwater, about 8 cm long. Very slender, elongate, barely compressed body, almost translucent so the backbone shows faintly through the flank; a broad bright silver stripe runs the whole length of each side just above the lateral line; greenish-olive back finely speckled with dark dots shading to a white belly; a small pointed head with a large round eye set well forward and a small upward-slanting mouth. Two separate dorsal fins — a small spiny one set well back on the back, then a soft-rayed second dorsal above the long anal fin — small pectoral fins set high on the side, and a forked tail. It is a small silvery bony fish with fins and scales — not an eel, not an insect, not a larva, not a fly-tying pattern.",minor,"""Scientific entomological illustration"" — this is a fish, not an insect; house style for fish is 'Scientific natural-history illustration' | ""A Glass Minnow / Silverside"" — the prompt should name the species, because 'glass minnow' is applied to two unrelated fish (silversides, Atherinopsidae, and bay anchovy, Engraulidae) with quite different heads and mouths | ""Accurate anatomy."" is asserted but no anatomy is actually specified — there are no fins, no tail shape, no eye",medium
sw-sand-eel,prey,food-sw,fal-ai/nano-banana-2,"Scientific natural-history illustration, ink line and soft watercolor wash on plain cream paper, accurate anatomy, no text, no labels. An American sand lance or sand eel (Ammodytes americanus), a single live fish in strict left side view underwater, about 13 cm long. Extremely long, thin, almost cylindrical eel-like body held in a slight sinuous curve; sharply pointed head with the lower jaw projecting well beyond the upper; one single very long low delicate dorsal fin running along nearly the whole back, a long anal fin along the rear underside, small pectoral fins set low and far forward, and NO pelvic fins at all; a forked tail. Brownish-green above shading through greenish-silver flanks marked by fine oblique skin folds and a visible lateral line to a plain white belly. It is a slender bony fish with fins and a forked tail — not a true eel, not a worm, not a needlefish, not a fly-tying pattern.",minor,"""Scientific entomological illustration"" — this is a fish; house style for fish is 'Scientific natural-history illustration' | ""pointed head"" understates and mis-states the diagnostic: the snout is pointed because the lower jaw projects well beyond the upper, giving an underslung look | ""olive back, silver sides"" is close but the source describes brownish-green above grading to white sides and belly with an overall greenish-silver cast — the countershading is not stated as a gradient | ""Accurate anatomy."" is asserted while no fins are specified at all",high
sw-mullet,prey,food-sw,fal-ai/nano-banana-2,"Scientific natural-history illustration, ink line and soft watercolor wash on plain cream paper, accurate anatomy, no text, no labels. An Atlantic menhaden or bunker (Brevoortia tyrannus), a single live fish in strict left side view underwater, about 20 cm long. Deep, strongly side-compressed herring body with a large blunt head roughly one third of the body length, a large upward-slanting mouth, a big round eye, and a sharply keeled belly edged with a saw-toothed row of scutes running from throat to vent. One single soft-rayed dorsal fin near the middle of the back, small pectoral fins set low behind the gill cover, small pelvic fins beneath, a short anal fin, and a deeply forked tail. Dark blue-green back shading abruptly to bright burnished silver flanks and a white belly, with a distinct black spot on the shoulder just behind the gill opening followed by a scattering of smaller dark spots along the upper side. It is a single deep-bodied silvery herring, one fish with scales and fins — not a mullet, not an eel, not a school of fish, not a fly-tying pattern.",wrong,"""A Mullet / Menhaden (bunker)"" — this names two fish in different orders and asks the model to draw one image of both; it will produce a chimera or the wrong fish | ""Deep-bodied, silver"" — deep-bodied describes the menhaden, not the mullet, which FishBase calls ""stout, cylindrical"" and only slightly compressed; as written the phrase contradicts half the animals it names | ""Scientific entomological illustration"" — this is a fish; house style for fish is 'Scientific natural-history illustration' | ""big schools flipping on surface"" is behaviour, not anatomy, and is doing the work that a fin and t",high
sw-pilchard,prey,food-sw,fal-ai/nano-banana-2,"Scientific natural-history illustration, ink line and soft watercolor wash on plain cream paper, accurate anatomy, no text, no labels. A scaled sardine or pilchard (Harengula jaguana), a single live fish in strict left side view underwater, about 10 cm long. Moderately deep, strongly side-compressed herring body whose belly profile curves much more deeply than the flatter back; a keel of small sharp overlapping scutes runs along the midline of the belly from throat to vent; large firmly attached silvery scales; a large round eye and a small upturned mouth on a short blunt head. One single short soft-rayed dorsal fin near the middle of the back with no spines, small pectoral fins low behind the gill cover, small pelvic fins beneath the dorsal, a short anal fin near the tail, and a deeply forked tail. Bluish-green back shading sharply to brilliant burnished silver flanks and a white belly. It is one small silvery herring-type bony fish with scales and fins — not a school, not a sardine tin, not a mullet, not a fly-tying pattern.",minor,"""Scientific entomological illustration"" — this is a fish; house style for fish is 'Scientific natural-history illustration' | ""schools \""raining\"" when chased"" is behaviour and belongs nowhere in a single-specimen field-guide plate; it risks the model drawing a school or a splash | ""Accurate anatomy."" is asserted while no fin, tail or head detail is given",medium
sw-shrimp,prey,food-sw,fal-ai/nano-banana-2,"Scientific natural-history illustration, ink line and soft watercolor wash on plain cream paper, accurate anatomy, no text, no labels. A small coastal shrimp, a single live animal in strict left side view underwater, about 6 cm long. Translucent tan and olive body faintly speckled and showing the gut as a dark line: a smooth carapace covering the head and thorax, a toothed spear-like rostrum projecting forward over the head between two dark eyes on short stalks, two pairs of antennae — a short forked pair and a pair of very long whip-like antennae trailing back past the tail — five pairs of jointed walking legs beneath the thorax with the front pairs tipped by tiny pincers, a segmented abdomen arching over the back in six visible plates, five pairs of small feathery swimmerets in a row beneath it, and at the rear a pointed central telson flanked by a pair of flat uropods forming a spread fan-shaped tail. It is a crustacean, a shrimp with a jointed shell, long antennae and a fan tail — not an insect, not a prawn cocktail, not a crayfish, not a fly-tying pattern.",minor,"""Scientific entomological illustration"" — a shrimp is a crustacean, not an insect; house style here should be 'Scientific natural-history illustration' | ""A Shrimp"" with no species or family — penaeid shrimp (the common Gulf/Atlantic fly prey) and caridean grass shrimp differ in body curve, rostrum and claw arrangement, so an unnamed shrimp gives the model nothing to anchor on | ""kicks backward"" is behaviour rather than anatomy; without the tail fan being described it cannot be drawn | ""Accurate anatomy."" is asserted while every count — legs, swimmerets, antennae — is absent",medium
sw-crab,prey,food-sw,fal-ai/nano-banana-2,"Scientific natural-history illustration, ink line and soft watercolor wash on plain cream paper, accurate anatomy, no text, no labels. A small coastal crab, a single live animal viewed from directly above (dorsal view), carapace about 4 cm across. A broad, smooth, oval carapace wider than it is long, mottled olive and tan with small teeth along its front-side margins; two short eyestalks set in notches at the front edge with two pairs of small antennae between them; and exactly TEN legs — five pairs — arranged symmetrically, the front pair being stout claws with toothed pincers held forward, followed by four pairs of jointed pointed walking legs, two pairs on each side, with the hindmost pair flattened into swimming paddles. The small triangular abdominal flap is folded flat forward underneath the body and hidden from above. It is a crustacean, a true crab with a hard shell, ten legs and two claws — not a spider, not an insect, not a horseshoe crab, not a fly-tying pattern.",minor,"""side view underwater"" directly conflicts with ""Round or oval carapace"" — a crab's carapace outline and its leg arrangement are only visible from above; a strict side view of a crab is a thin edge-on sliver and hides everything the note asks for | ""Scientific entomological illustration"" — a crab is a crustacean, not an insect; house style here should be 'Scientific natural-history illustration' | ""claws up, scuttles sideways and dives to bottom"" is behaviour, not anatomy, and 'claws up' describes a defensive posture rather than an identifying feature | ""Accurate anatomy."" is asserted while no ",medium
sw-palolo,prey,food-sw,fal-ai/nano-banana-2,"Scientific natural-history illustration, ink line and soft watercolor wash on plain cream paper, accurate anatomy, no text, no labels. An Atlantic palolo worm (Eunice furcata), the detached swimming reproductive section called the epitoke, a single animal in side view undulating just below the surface, about 8 cm long. A long, slender, soft-bodied annelid worm divided into many dozens of short close-set ring-like segments, its body held in shallow S-curves; every single segment bears a small paddle-shaped appendage on each side tipped with a tuft of fine bristles, so both edges of the worm show a continuous even fringe; the body tapers to a blunt end at each extremity. Translucent orange-red to reddish-brown, darker along the gut line, paler toward the tail. It is a segmented marine bristle worm — not a caterpillar, not an eel, not a centipede, not a strand of yarn, not a fly-tying pattern.",minor,"""Scientific entomological illustration"" — a polychaete is an annelid worm, not an insect; house style here should be 'Scientific natural-history illustration' | ""spring full-moon hatch"" — sources disagree and none support a flat 'spring full moon': Britannica puts the Atlantic swarm at the last quarter of the June-July moon, and Keys Weekly at the late-May full moon and the early-June new moon. The moon phase is not a visual feature in any case | ""swims near surface"" is behaviour standing in for anatomy; the prompt gives no body detail beyond 'segmented' | ""Accurate anatomy."" is asserted while",medium
sw-squid,prey,food-sw,fal-ai/nano-banana-2,"Scientific natural-history illustration, ink line and soft watercolor wash on plain cream paper, accurate anatomy, no text, no labels. A longfin inshore squid (Doryteuthis pealeii), a single live animal in side view underwater, mantle about 15 cm long. A long torpedo-shaped mantle tapering to a point at the rear, with a pair of long triangular fins running along the sides of roughly the rear half of the mantle; a short head in front of the mantle opening carrying one large round eye on each side and a short funnel projecting beneath; and at the front, exactly TEN appendages — EIGHT arms of moderate length lined with two rows of small suckers, plus TWO noticeably LONGER tentacles that are slender along most of their length and widen into a sucker-covered club at the tip. A small dark horny beak sits hidden at the centre of the arm crown. Translucent pinkish-white flesh dusted all over with fine red-brown speckles. It is a squid, a cephalopod with a pointed mantle, rear fins, eight arms and two longer tentacles — not an octopus, not a cuttlefish, not a fish, not a fly-tying pattern.",minor,"""Scientific entomological illustration"" — a squid is a cephalopod mollusc, not an insect; house style here should be 'Scientific natural-history illustration' | ""jets backward"" is behaviour used in place of the funnel/siphon that produces it | ""Accurate anatomy."" is asserted while the prompt gives no arm count and no tentacle count — for a squid this is the single most important number and its absence is what produces octopus-like or ten-identical-arm results",high
sw-needlefish,prey,food-sw,fal-ai/nano-banana-2,"Scientific natural-history illustration, ink line and soft watercolor wash on plain cream paper, accurate anatomy, no text, no labels. A ballyhoo halfbeak (Hemiramphus brasiliensis), a single live fish in strict left side view underwater, about 28 cm long. Extremely long, slender, nearly cylindrical body; the head bears ONE elongated jaw only — a long thin needle-like LOWER jaw projecting far forward, tipped bright orange-red, while the UPPER jaw is a short triangular flap no longer than the eye — with a large round eye just behind it. A single small soft dorsal fin set far back on the body almost directly above the small anal fin, small pectoral fins high on the side behind the gill cover, small pelvic fins far back on the belly, and a deeply forked tail whose LOWER lobe is distinctly longer than the upper. Dark blue-green back with a bright silver lateral stripe along the flank and a white belly. It is a halfbeak, a slender surface-dwelling bony fish with only its lower jaw drawn out into a beak — not a needlefish with two long jaws, not a gar, not a garfish, not an eel, not a fly-tying pattern.",wrong,"""A Needlefish / Ballyhoo"" — two fish from different families with directly contradictory head anatomy, offered as one subject; the model must produce a chimera or pick one at random | ""beak-like jaw"" (singular) — ambiguous exactly where the two candidates differ: a needlefish has two elongated jaws, a ballyhoo has one | ""Scientific entomological illustration"" — this is a fish; house style for fish is 'Scientific natural-history illustration' | ""skims surface"" is behaviour, not anatomy | ""Accurate anatomy."" is asserted while no fins, tail or colour are specified",high
sw-mud-minnow,prey,food-sw,fal-ai/nano-banana-2,"Scientific natural-history illustration, ink line and soft watercolor wash on plain cream paper, accurate anatomy, no text, no labels. A mummichog or marsh mud minnow (Fundulus heteroclitus), a single live male fish in strict left side view underwater, about 9 cm long. Thick-set but elongate body with a blunt rounded snout, a small upturned mouth whose lower jaw protrudes when closed, a large round eye, and a notably deep muscular tail base. A single small soft dorsal fin set far back on the body close to the tail, a matching anal fin beneath it, rounded pectoral fins behind the gill cover, small pelvic fins on the belly, and a plainly ROUNDED tail with no fork. Dark olive-green back shading to steel-blue sides crossed by about fifteen thin wavy silvery-white vertical bars, with a yellow-orange belly and a small dark eyespot near the rear edge of the dorsal fin. It is a small stout-bodied bony fish with scales, fins and a rounded tail — not a tadpole, not a true mudminnow of the freshwater genus Umbra, not an eel, not a fly-tying pattern.",minor,"""Scientific entomological illustration"" — this is a fish; house style for fish is 'Scientific natural-history illustration' | ""Mud Minnow / Killifish"" — 'mudminnow' is the accepted common name of the freshwater genus Umbra, a different family entirely; in a saltwater context the species should be named as the mummichog, Fundulus heteroclitus | ""Stubby, olive-brown"" — the source describes it as ""elongate but thick"" rather than stubby, and olive-green on the back with steel-blue sides rather than uniformly olive-brown | ""Accurate anatomy."" is asserted while no fins beyond the tail are specified",high
sw-bay-anchovy,prey,food-sw,fal-ai/nano-banana-2,"Scientific natural-history illustration, ink line and soft watercolor wash on plain cream paper, accurate anatomy, no text, no labels. A bay anchovy (Anchoa mitchilli), a single live fish in strict left side view underwater, about 6 cm long. Very slender, slightly side-compressed, half-translucent body with a pale greenish-olive back finely peppered with dark dots, a narrow silvery stripe along each flank and a white belly. Large round eye set well forward on a short blunt snout that projects slightly over an enormous mouth, the upper jawbone running back almost as far as the gill opening. One single small soft dorsal fin set at mid-back directly above the front of a long low anal fin, small pectoral fins low behind the gill cover, tiny pelvic fins, and a forked tail. It is a small slender silvery-green marine bony fish with scales, fins and a forked tail — not a freshwater minnow, not a larva, not a worm, not a fly-tying pattern.",minor,"""Scientific entomological illustration"" — this is a fish; house style for fish is 'Scientific natural-history illustration' | ""the NC fall albie bait"" is angling context inside the visual description and gives the illustrator nothing | ""Accurate anatomy."" is asserted while the one diagnostic feature — the enormous mouth with the maxilla reaching almost to the gill opening — is absent | ""minnow"" — a bay anchovy is an engraulid, not a minnow (Cyprinidae); the word may steer the model toward a freshwater shiner",medium
sw-finger-mullet,prey,food-sw,fal-ai/nano-banana-2,"Scientific natural-history illustration, ink line and soft watercolor wash on plain cream paper, accurate anatomy, no text, no labels. A juvenile striped mullet, a 'finger mullet' (Mugil cephalus), a single live fish in strict left side view underwater, about 10 cm long. Stout, nearly cylindrical, only slightly side-compressed body with a broad flattened head, a small blunt terminal mouth with a thin upper lip, and a large round eye. Two clearly SEPARATE dorsal fins — a small triangular spiny one near the middle of the back, then a gap, then a soft-rayed second dorsal further back — with small pectoral fins set high behind the gill cover, pelvic fins on the belly, a short anal fin, and a forked tail. Large silvery scales; dark olive-green back shading to bright silver flanks and a white belly, with six or seven faint dark horizontal stripes running along the rows of scales, and no visible lateral line. It is one small silvery bony fish with scales and fins — not a school of fish, not a menhaden, not an eel, not a fly-tying pattern.",minor,"""Scientific entomological illustration"" — this is a fish; house style for fish is 'Scientific natural-history illustration' | ""Small mullet pouring out of the marsh in the fall run"" is the whole description — it is angling narrative, not anatomy, and 'pouring out' invites a picture of a school rather than one specimen | ""Accurate anatomy."" is asserted while the prompt names not one anatomical feature: no fins, no head shape, no colour, no tail",high
parachute-adams,fly,flies,fal-ai/nano-banana-2,"Ultra-detailed macro product photograph of a single real fly-fishing fly on a seamless pure white background, studio softbox lighting, sharp focus, side profile view, no hands, no text. The fly is a ""Parachute Adams"". Standard straight-eye dry-fly hook, size 12-22. From the eye back: a small bare thread head; a single upright post of white calf body hair (white poly yarn is equally standard) standing vertically about one hook-shank tall, with one grizzly and one brown hackle wound horizontally in flat turns around the base of that post so the hackle fibres radiate outward parallel to the shank; a slim tapered body of gray Adams-gray muskrat or superfine dubbing covering the rear two-thirds of the shank; a tail of mixed grizzly and brown hackle fibres (moose body hair in some recipes) about one shank length, tied straight back over the bend. There is NO collar hackle standing up around the shank — every hackle turn is horizontal around the post. Hook rides point-down: hook point facing DOWN, post and all materials on top of the shank, on the opposite side from the point. Only one fly, hook bend and point clearly visible.",minor,"Tail material is stated as a certainty: 'a tail of mixed grizzly and brown hackle fibers'. Sources split — the RiverKeeper/Kreft pattern sheet says moose body hair, the traditional Adams tail is mixed brown and grizzly hackle fibres. Both are standard; the prompt should allow either rather than assert one. | 'a white calf-hair post' is asserted where sources also commonly specify white poly yarn or a white turkey flat — a range, not a single answer.",high
parachute-adams-gray,fly-variant,flies,fal-ai/nano-banana-2,"Ultra-detailed macro product photograph of a single real fly-fishing fly on a seamless pure white background, studio softbox lighting, sharp focus, side profile view, no hands, no text. The fly is a ""Parachute Adams"" in the Gray (standard) colour variant. Standard straight-eye dry-fly hook, size 12-22. From the eye back: a small bare thread head; a single upright post of white calf body hair (white poly yarn is equally standard) standing vertically about one hook-shank tall, with one grizzly and one brown hackle wound horizontally in flat turns around the base of that post so the hackle fibres radiate outward parallel to the shank; a slim tapered body of gray Adams-gray muskrat or superfine dubbing covering the rear two-thirds of the shank; a tail of mixed grizzly and brown hackle fibres (moose body hair in some recipes) about one shank length, tied straight back over the bend. There is NO collar hackle standing up around the shank — every hackle turn is horizontal around the post. Hook rides point-down: hook point facing DOWN, post and all materials on top of the shank, on the opposite side from the point. Only one fly, hook bend and point clearly visible. COLOURWAY: this is the Gray (standard) version — Gray body, white post. Keep the construction above exactly as described and change only the colours to match this colourway. (Fished for: Everything mayfly)",rebuilt-from-corrected-base,Construction inherited from corrected base `parachute-adams`.,high
parachute-adams-purple,fly-variant,flies,fal-ai/nano-banana-2,"Ultra-detailed macro product photograph of a single real fly-fishing fly on a seamless pure white background, studio softbox lighting, sharp focus, side profile view, no hands, no text. The fly is a ""Parachute Adams"" in the Purple Haze colour variant. Standard straight-eye dry-fly hook, size 12-22. From the eye back: a small bare thread head; a single upright post of white calf body hair (white poly yarn is equally standard) standing vertically about one hook-shank tall, with one grizzly and one brown hackle wound horizontally in flat turns around the base of that post so the hackle fibres radiate outward parallel to the shank; a slim tapered body of gray Adams-gray muskrat or superfine dubbing covering the rear two-thirds of the shank; a tail of mixed grizzly and brown hackle fibres (moose body hair in some recipes) about one shank length, tied straight back over the bend. There is NO collar hackle standing up around the shank — every hackle turn is horizontal around the post. Hook rides point-down: hook point facing DOWN, post and all materials on top of the shank, on the opposite side from the point. Only one fly, hook bend and point clearly visible. COLOURWAY: this is the Purple Haze version — Purple body. Keep the construction above exactly as described and change only the colours to match this colourway. (Fished for: Attractor, western rivers)",rebuilt-from-corrected-base,Construction inherited from corrected base `parachute-adams`.,high
parachute-adams-olive,fly-variant,flies,fal-ai/nano-banana-2,"Ultra-detailed macro product photograph of a single real fly-fishing fly on a seamless pure white background, studio softbox lighting, sharp focus, side profile view, no hands, no text. The fly is a ""Parachute Adams"" in the Olive colour variant. Standard straight-eye dry-fly hook, size 12-22. From the eye back: a small bare thread head; a single upright post of white calf body hair (white poly yarn is equally standard) standing vertically about one hook-shank tall, with one grizzly and one brown hackle wound horizontally in flat turns around the base of that post so the hackle fibres radiate outward parallel to the shank; a slim tapered body of gray Adams-gray muskrat or superfine dubbing covering the rear two-thirds of the shank; a tail of mixed grizzly and brown hackle fibres (moose body hair in some recipes) about one shank length, tied straight back over the bend. There is NO collar hackle standing up around the shank — every hackle turn is horizontal around the post. Hook rides point-down: hook point facing DOWN, post and all materials on top of the shank, on the opposite side from the point. Only one fly, hook bend and point clearly visible. COLOURWAY: this is the Olive version — Olive body. Keep the construction above exactly as described and change only the colours to match this colourway. (Fished for: BWO, PMD)",rebuilt-from-corrected-base,Construction inherited from corrected base `parachute-adams`.,high
bwo-comparadun,fly,flies,fal-ai/nano-banana-2,"Ultra-detailed macro product photograph of a single real fly-fishing fly on a seamless pure white background, studio softbox lighting, sharp focus, side profile view, no hands, no text. The fly is a ""BWO Comparadun"". Standard straight dry-fly hook, size 16-22. From the eye back: a small thread head; a single wing of dun-dyed grey deer hair tied upright about one-third of the shank back from the eye and flared into a flat 180-degree semicircle spanning side to side across the TOP of the shank only, wing length equal to the hook length; NO hackle anywhere on the fly; a slim tapered light-olive dubbed abdomen running to the bend; two dun Microfibett tails split widely apart into a V of outriggers, about one and a half hook lengths long, lying in the horizontal plane. Hook rides point-down: hook point facing DOWN, the deer-hair wing on top of the shank on the opposite side from the point. Only one fly, hook bend and point clearly visible.",minor,"'a fan of natural deer hair' — the BWO version is specified with dun-dyed (grey) deer hair in the written recipe. Natural deer is used on tan/cream comparaduns; sources do vary, but 'natural' as the default colour for a BWO is not what the recipe says. | 'flared 180 degrees over the top of the thorax' understates where the wing sits — it is tied about one-third of the shank back from the eye, and the 180-degree fan is a flat semicircle spanning the TOP half only, side to side above the shank. 'over the top of the thorax' can read as a wing lying back over the body.",high
pmd-comparadun,fly,flies,fal-ai/nano-banana-2,"Ultra-detailed macro product photograph of a single real fly-fishing fly on a seamless pure white background, studio softbox lighting, sharp focus, side profile view, no hands, no text. The fly is a ""PMD Comparadun"". Standard straight dry-fly hook, size 14-18. From the eye back: a small thread head; a single wing of natural light tan coastal deer hair tied upright about one-third of the shank back from the eye and flared into a flat 180-degree semicircle spanning side to side across the TOP of the shank only, wing length equal to the hook length; NO hackle anywhere on the fly; a slim tapered pale yellow to pale yellowish-olive dubbed body running to the bend; two pale dun Microfibett tails split widely apart into a V of outriggers, about one and a half hook lengths long. Hook rides point-down: hook point facing DOWN, the deer-hair wing on top of the shank on the opposite side from the point. Only one fly, hook bend and point clearly visible.",minor,"'Deer-hair wing fanned 180 degrees upright over the thorax' — same wording problem as the BWO: the wing sits about a third back from the eye and fans side to side across the top of the shank, it does not lie over the thorax.",medium
sparkle-dun,fly,flies,fal-ai/nano-banana-2,"Ultra-detailed macro product photograph of a single real fly-fishing fly on a seamless pure white background, studio softbox lighting, sharp focus, side profile view, no hands, no text. The fly is a ""Sparkle Dun"". Standard straight dry-fly hook (TMC 100), size 14-22. From the eye back: a small thread head; a single wing of bleached coastal deer hair tied upright about one-third of the shank back from the eye and flared into a flat 180-degree semicircle spanning side to side across the TOP of the shank only, wing height equal to one hook-shank length; NO hackle anywhere on the fly; a slim tapered pale yellow superfine dubbed body running to the bend; and in place of any tail, a trailing shuck of rusty brown or amber crinkled Z-Lon yarn tied in at the bend, equal in length to the hook shank, with ragged uneven cut ends. There are no split tails — the shuck is the only thing trailing behind the bend. Hook rides point-down: hook point facing DOWN, the deer-hair wing on top of the shank on the opposite side from the point. Only one fly, hook bend and point clearly visible.",minor,"'a short trailing shuck of brown Z-lon yarn off the bend' — the shuck is not short: Charlie's Fly Box specifies it 'equal in length to the hook shank', with irregular, ragged cut ends. 'Short' will produce a stub. | Shuck colour is given as a single value 'brown'. Sources give a range: rusty brown Z-Lon/Darlon (Charlie's Fly Box) or amber/gold crinkled Zelon (Blue Ribbon Flies / RiverKeeper).",high
sparkle-dun-olive,fly-variant,flies,fal-ai/nano-banana-2,"Ultra-detailed macro product photograph of a single real fly-fishing fly on a seamless pure white background, studio softbox lighting, sharp focus, side profile view, no hands, no text. The fly is a ""Sparkle Dun"" in the Olive colour variant. Standard straight dry-fly hook (TMC 100), size 14-22. From the eye back: a small thread head; a single wing of bleached coastal deer hair tied upright about one-third of the shank back from the eye and flared into a flat 180-degree semicircle spanning side to side across the TOP of the shank only, wing height equal to one hook-shank length; NO hackle anywhere on the fly; a slim tapered pale yellow superfine dubbed body running to the bend; and in place of any tail, a trailing shuck of rusty brown or amber crinkled Z-Lon yarn tied in at the bend, equal in length to the hook shank, with ragged uneven cut ends. There are no split tails — the shuck is the only thing trailing behind the bend. Hook rides point-down: hook point facing DOWN, the deer-hair wing on top of the shank on the opposite side from the point. Only one fly, hook bend and point clearly visible. COLOURWAY: this is the Olive version — Olive body. Keep the construction above exactly as described and change only the colours to match this colourway. (Fished for: BWO)",rebuilt-from-corrected-base,Construction inherited from corrected base `sparkle-dun`.,high
sparkle-dun-pmd,fly-variant,flies,fal-ai/nano-banana-2,"Ultra-detailed macro product photograph of a single real fly-fishing fly on a seamless pure white background, studio softbox lighting, sharp focus, side profile view, no hands, no text. The fly is a ""Sparkle Dun"" in the PMD yellow colour variant. Standard straight dry-fly hook (TMC 100), size 14-22. From the eye back: a small thread head; a single wing of bleached coastal deer hair tied upright about one-third of the shank back from the eye and flared into a flat 180-degree semicircle spanning side to side across the TOP of the shank only, wing height equal to one hook-shank length; NO hackle anywhere on the fly; a slim tapered pale yellow superfine dubbed body running to the bend; and in place of any tail, a trailing shuck of rusty brown or amber crinkled Z-Lon yarn tied in at the bend, equal in length to the hook shank, with ragged uneven cut ends. There are no split tails — the shuck is the only thing trailing behind the bend. Hook rides point-down: hook point facing DOWN, the deer-hair wing on top of the shank on the opposite side from the point. Only one fly, hook bend and point clearly visible. COLOURWAY: this is the PMD yellow version — Pale yellow. Keep the construction above exactly as described and change only the colours to match this colourway. (Fished for: PMD, sulphur)",rebuilt-from-corrected-base,Construction inherited from corrected base `sparkle-dun`.,high
sparkle-dun-callibaetis,fly-variant,flies,fal-ai/nano-banana-2,"Ultra-detailed macro product photograph of a single real fly-fishing fly on a seamless pure white background, studio softbox lighting, sharp focus, side profile view, no hands, no text. The fly is a ""Sparkle Dun"" in the Callibaetis gray colour variant. Standard straight dry-fly hook (TMC 100), size 14-22. From the eye back: a small thread head; a single wing of bleached coastal deer hair tied upright about one-third of the shank back from the eye and flared into a flat 180-degree semicircle spanning side to side across the TOP of the shank only, wing height equal to one hook-shank length; NO hackle anywhere on the fly; a slim tapered pale yellow superfine dubbed body running to the bend; and in place of any tail, a trailing shuck of rusty brown or amber crinkled Z-Lon yarn tied in at the bend, equal in length to the hook shank, with ragged uneven cut ends. There are no split tails — the shuck is the only thing trailing behind the bend. Hook rides point-down: hook point facing DOWN, the deer-hair wing on top of the shank on the opposite side from the point. Only one fly, hook bend and point clearly visible. COLOURWAY: this is the Callibaetis gray version — Gray-tan body. Keep the construction above exactly as described and change only the colours to match this colourway. (Fished for: Callibaetis)",rebuilt-from-corrected-base,Construction inherited from corrected base `sparkle-dun`.,high
hendrickson-dry,fly,flies,fal-ai/nano-banana-2,"Ultra-detailed macro product photograph of a single real fly-fishing fly on a seamless pure white background, studio softbox lighting, sharp focus, side profile view, no hands, no text. The fly is a ""Light Hendrickson"", Art Flick's classic Catskill-style dry fly. Standard straight dry-fly hook (Mustad 94840), size 12-14. From the eye back: a short length of bare thread-wrapped shank behind the eye; two upright, divided wings of barred lemon wood-duck flank fibres, wing height equal to the hook shank; a sparse collar of stiff blue-dun rooster hackle wound BOTH in front of and behind the base of the wings; a very slim, slightly tapered body of pale pink-cream fox-belly fur dubbing; long stiff blue-dun rooster hackle-fibre tails, slightly longer than the hook shank, tied straight back over the bend. The whole fly is sparse and elegant in classic Catskill proportions. Hook rides point-down: hook point facing DOWN, wings and all materials on top of the shank, on the opposite side from the point. Only one fly, hook bend and point clearly visible.",wrong,"'The fly is a ""Hendrickson (Red Quill / Light Hendrickson)""' — the prompt names two distinct patterns and then gives one body. An image model cannot draw both; this needs to be split into two flies or committed to one. | 'slim pinkish-tan dubbed body' is only the Light Hendrickson. The Red Quill's body is a stripped Rhode Island Red hackle quill — a smooth, glossy, segmented reddish-brown quill wrap. Labelling a dubbed body 'Red Quill' is a straight factual error. | 'stiff dun hackle wound around the shank behind the wings' — wrong placement. Catskill-style hackle is wound both IN FRONT OF and",high
march-brown-dry,fly,flies,fal-ai/nano-banana-2,"Ultra-detailed macro product photograph of a single real fly-fishing fly on a seamless pure white background, studio softbox lighting, sharp focus, side profile view, no hands, no text. The fly is an ""American March Brown"", Catskill-style dry fly. Standard straight dry-fly hook (Mustad 94840), size 10-14. From the eye back: a short length of bare thread-wrapped shank behind the eye; two upright, divided wings of barred lemon wood-duck flank fibres, wing height equal to the hook shank; a mixed collar of brown (dark ginger) and grizzly hackle wound BOTH in front of and behind the base of the wings, giving a barred brown-and-grey look; a slim fawn-tan red-fox-belly fur dubbed body, lightly ribbed with brown thread; a tail of reddish-brown dark ginger hackle fibres about one shank length, tied straight back over the bend. Sparse, classic Catskill proportions. Hook rides point-down: hook point facing DOWN, wings and all materials on top of the shank, on the opposite side from the point. Only one fly, hook bend and point clearly visible.",minor,"'upright mottled wings' is too vague and is the fly's key identifier. The American recipe specifies barred lemon wood-duck flank fibres, upright and divided into two wings. 'Mottled wings' invites an image model to draw solid mottled turkey-quill slip wings, which is a different fly. | 'brown and grizzly hackle collar' is the right mix but omits that in Catskill style the hackle is wound both in front of and behind the wings, not as a single collar in front.",medium
green-drake-extended,fly,flies,fal-ai/nano-banana-2,"Ultra-detailed macro product photograph of a single real fly-fishing fly on a seamless pure white background, studio softbox lighting, sharp focus, side profile view, no hands, no text. The fly is an ""Extended Body Green Drake"" in the Western olive colourway. Large standard dry-fly hook, size 8-12. From the eye back: a small thread head; a single upright post of dark grey-dun deer hair or dark poly yarn standing vertically, with a grizzly or dark dun hackle wound horizontally in flat turns around the BASE of that post, parachute style, so the hackle fibres lie parallel to the shank; an olive dubbed thorax over the hook shank; then the body continuing rearward and well past the hook bend as a slim, clearly segmented, banded olive extended body of foam or wrapped dyed deer hair, reaching about one shank length beyond the bend; three dark moose-hair tail fibres splayed at the very tip of that extended body. No collar hackle standing around the shank — all hackle is horizontal around the post. Hook rides point-down: hook point facing DOWN, post, thorax and extended body all on top of the shank, on the opposite side from the point. Only one fly, hook bend and point clearly visible.",uncertain,"'olive foam or dubbed extended body' — olive is the WESTERN green drake (Drunella grandis). The Eastern Green Drake (Ephemera guttulata) is pale cream-yellow with dark markings, and 'Green Drake' patterns sold in the East are creamy, not olive. The prompt should say which. | 'parachute hackle' is stated without a post for it to wind around, while the wing is described as 'upright dark deer-hair or synthetic wing'. Unless the prompt says the hackle winds horizontally around the base of that upright wing/post, an image model will draw a vertical collar hackle instead.",low
trico-dun,fly,flies,fal-ai/nano-banana-2,"Ultra-detailed macro product photograph of a single real fly-fishing fly on a seamless pure white background, studio softbox lighting, sharp focus, side profile view, no hands, no text. The fly is a ""Trico Dun"" (female). Tiny standard straight dry-fly hook, size 20-26. From the eye back: a minute thread head; a short upright wing of PALE GREY light-dun poly yarn or dun CDC standing up over the thorax — grey, not white; a noticeably bulky blackish dubbed thorax; a very slim olive thread abdomen tapering back to the bend; three fine pale tails, clearly longer than the hook shank, slightly splayed. Either no hackle at all, or a grizzly hackle trimmed flat flush underneath the shank. Hook rides point-down: hook point facing DOWN, wing and all materials on top of the shank, on the opposite side from the point. Only one fly, hook bend and point clearly visible.",wrong,"'a small upright white poly or CDC wing' — WRONG for the dun. The Trico DUN has a pale grey/light dun wing; the WHITE poly wing is the mark of the Trico SPINNER. Since this batch also contains a Trico Spinner, a white-winged dun makes the two images indistinguishable and teaches the wrong identifier. | 'split tails' — Tricorythodes has THREE tails, not two; the standard dressing uses three fine fibres, and they are long relative to this tiny body. | 'Slim black or olive thread body' treats black and olive as interchangeable. They are sex-specific: male all black, female olive abdomen with a bl",medium
trico-spinner,fly,flies,fal-ai/nano-banana-2,"Ultra-detailed macro product photograph of a single real fly-fishing fly on a seamless pure white background, studio softbox lighting, sharp focus, side profile view, no hands, no text. The fly is a ""Trico Spinner"" (male). Tiny standard straight dry-fly hook, size 20-26. From the eye back: a minute thread head; two white poly yarn or organza wings tied flat and fully spent, sticking straight out to each side perpendicular to the shank and lying in the horizontal plane, so in side profile they read as thin flat slivers rather than upright tufts; a noticeably bulky black dubbed thorax; a very slim black thread abdomen tapering back to the bend; three long white or pale-dun tails, well over one shank length, splayed apart. NO hackle anywhere on the fly. Hook rides point-down: hook point facing DOWN, wings and all materials on top of the shank, on the opposite side from the point. Only one fly, hook bend and point clearly visible.",minor,"'splayed tails' does not say how many or what colour — Tricos have three tails and the dressing calls for white or pale fibres, long relative to the tiny body.",medium
rusty-spinner,fly,flies,fal-ai/nano-banana-2,"Ultra-detailed macro product photograph of a single real fly-fishing fly on a seamless pure white background, studio softbox lighting, sharp focus, side profile view, no hands, no text. The fly is a ""Rusty Spinner"". Standard straight dry-fly hook, size 12-20. From the eye back: a small thread head; two light dun (pale grey) poly yarn wings tied flat and fully spent, sticking straight out to each side perpendicular to the shank and lying in the horizontal plane; a slightly fuller rusty cinnamon-brown dubbed thorax at the wing root; a slim rusty-brown dubbed abdomen, lightly segmented, tapering back to the bend; two pale dun Microfibett tails split into a wide V about 45 degrees apart, roughly one and a half hook lengths long. NO hackle anywhere on the fly. Hook rides point-down: hook point facing DOWN, wings and all materials on top of the shank, on the opposite side from the point. Only one fly, hook bend and point clearly visible.",minor,"'clear or white poly wings' — 'clear' is not a material in any recipe found and will push an image model toward transparent glassy or cellophane wings. The written recipes specify light dun poly yarn, with white as the common alternative. | 'split tails' without a count, length or splay angle. The recipe gives two Microfibetts, about 1.5x hook length, split to roughly 45 degrees.",high
rusty-spinner-rusty,fly-variant,flies,fal-ai/nano-banana-2,"Ultra-detailed macro product photograph of a single real fly-fishing fly on a seamless pure white background, studio softbox lighting, sharp focus, side profile view, no hands, no text. The fly is a ""Rusty Spinner"" in the Rusty colour variant. Standard straight dry-fly hook, size 12-20. From the eye back: a small thread head; two light dun (pale grey) poly yarn wings tied flat and fully spent, sticking straight out to each side perpendicular to the shank and lying in the horizontal plane; a slightly fuller rusty cinnamon-brown dubbed thorax at the wing root; a slim rusty-brown dubbed abdomen, lightly segmented, tapering back to the bend; two pale dun Microfibett tails split into a wide V about 45 degrees apart, roughly one and a half hook lengths long. NO hackle anywhere on the fly. Hook rides point-down: hook point facing DOWN, wings and all materials on top of the shank, on the opposite side from the point. Only one fly, hook bend and point clearly visible. COLOURWAY: this is the Rusty version — Rust body. Keep the construction above exactly as described and change only the colours to match this colourway. (Fished for: Most spinners)",rebuilt-from-corrected-base,Construction inherited from corrected base `rusty-spinner`.,high
rusty-spinner-olive,fly-variant,flies,fal-ai/nano-banana-2,"Ultra-detailed macro product photograph of a single real fly-fishing fly on a seamless pure white background, studio softbox lighting, sharp focus, side profile view, no hands, no text. The fly is a ""Rusty Spinner"" in the Olive colour variant. Standard straight dry-fly hook, size 12-20. From the eye back: a small thread head; two light dun (pale grey) poly yarn wings tied flat and fully spent, sticking straight out to each side perpendicular to the shank and lying in the horizontal plane; a slightly fuller rusty cinnamon-brown dubbed thorax at the wing root; a slim rusty-brown dubbed abdomen, lightly segmented, tapering back to the bend; two pale dun Microfibett tails split into a wide V about 45 degrees apart, roughly one and a half hook lengths long. NO hackle anywhere on the fly. Hook rides point-down: hook point facing DOWN, wings and all materials on top of the shank, on the opposite side from the point. Only one fly, hook bend and point clearly visible. COLOURWAY: this is the Olive version — Olive body. Keep the construction above exactly as described and change only the colours to match this colourway. (Fished for: BWO spinners)",rebuilt-from-corrected-base,Construction inherited from corrected base `rusty-spinner`.,high
rusty-spinner-black,fly-variant,flies,fal-ai/nano-banana-2,"Ultra-detailed macro product photograph of a single real fly-fishing fly on a seamless pure white background, studio softbox lighting, sharp focus, side profile view, no hands, no text. The fly is a ""Rusty Spinner"" in the Black colour variant. Standard straight dry-fly hook, size 12-20. From the eye back: a small thread head; two light dun (pale grey) poly yarn wings tied flat and fully spent, sticking straight out to each side perpendicular to the shank and lying in the horizontal plane; a slightly fuller rusty cinnamon-brown dubbed thorax at the wing root; a slim rusty-brown dubbed abdomen, lightly segmented, tapering back to the bend; two pale dun Microfibett tails split into a wide V about 45 degrees apart, roughly one and a half hook lengths long. NO hackle anywhere on the fly. Hook rides point-down: hook point facing DOWN, wings and all materials on top of the shank, on the opposite side from the point. Only one fly, hook bend and point clearly visible. COLOURWAY: this is the Black version — Black body. Keep the construction above exactly as described and change only the colours to match this colourway. (Fished for: Trico spinners)",rebuilt-from-corrected-base,Construction inherited from corrected base `rusty-spinner`.,high
elk-hair-caddis,fly,flies,fal-ai/nano-banana-2,"Ultra-detailed macro product photograph of a single real fly-fishing fly on a seamless pure white background, studio softbox lighting, sharp focus, side profile view, no hands, no text. The fly is an ""Elk Hair Caddis"" (Al Troth). Standard straight dry-fly hook, size 12-18. From the eye back: the trimmed, squared-off, bristly flared butt ends of the elk hair forming a short head just behind the eye; a wing of light tan elk flank hair lying back low over the body in a tent shape, reaching to about the end of the hook bend; underneath it a spiky tan hare's-ear dubbed body running the length of the shank, with a brown, ginger or furnace hackle palmered in open spirals along that whole body, and a fine gold wire rib counter-wrapped over the palmered hackle in the opposite direction to lock it down; NO tail of any kind behind the bend. Hook rides point-down: hook point facing DOWN, wing and all materials on top of the shank, on the opposite side from the point. Only one fly, hook bend and point clearly visible.",minor,'brown hackle palmered along a tan dubbed body' — the hackle colour in Troth's own recipe is dark red or furnace (ginger in other listings). 'Brown' is close but the furnace/dark-red variegation is what the original specifies; sources give a range from ginger through brown to furnace.,high
elk-hair-caddis-tan,fly-variant,flies,fal-ai/nano-banana-2,"Ultra-detailed macro product photograph of a single real fly-fishing fly on a seamless pure white background, studio softbox lighting, sharp focus, side profile view, no hands, no text. The fly is an ""Elk Hair Caddis"" (Al Troth). Standard straight dry-fly hook, size 12-18. From the eye back: the trimmed, squared-off, bristly flared butt ends of the elk hair forming a short head just behind the eye; a wing of light tan elk flank hair lying back low over the body in a tent shape, reaching to about the end of the hook bend; underneath it a spiky tan hare's-ear dubbed body running the length of the shank, with a brown, ginger or furnace hackle palmered in open spirals along that whole body, and a fine gold wire rib counter-wrapped over the palmered hackle in the opposite direction to lock it down; NO tail of any kind behind the bend. Hook rides point-down: hook point facing DOWN, wing and all materials on top of the shank, on the opposite side from the point. Only one fly, hook bend and point clearly visible. COLOURWAY: this is the Tan version — Tan body, tan elk wing. Keep the construction above exactly as described and change only the colours to match this colourway. (Fished for: Standard evening caddis)",rebuilt-from-corrected-base,Construction inherited from corrected base `elk-hair-caddis`.,high
elk-hair-caddis-olive,fly-variant,flies,fal-ai/nano-banana-2,"Ultra-detailed macro product photograph of a single real fly-fishing fly on a seamless pure white background, studio softbox lighting, sharp focus, side profile view, no hands, no text. The fly is an ""Elk Hair Caddis"" (Al Troth). Standard straight dry-fly hook, size 12-18. From the eye back: the trimmed, squared-off, bristly flared butt ends of the elk hair forming a short head just behind the eye; a wing of light tan elk flank hair lying back low over the body in a tent shape, reaching to about the end of the hook bend; underneath it a spiky tan hare's-ear dubbed body running the length of the shank, with a brown, ginger or furnace hackle palmered in open spirals along that whole body, and a fine gold wire rib counter-wrapped over the palmered hackle in the opposite direction to lock it down; NO tail of any kind behind the bend. Hook rides point-down: hook point facing DOWN, wing and all materials on top of the shank, on the opposite side from the point. Only one fly, hook bend and point clearly visible. COLOURWAY: this is the Olive version — Olive body. Keep the construction above exactly as described and change only the colours to match this colourway. (Fished for: Green caddis, spring)",rebuilt-from-corrected-base,Construction inherited from corrected base `elk-hair-caddis`.,high
elk-hair-caddis-black,fly-variant,flies,fal-ai/nano-banana-2,"Ultra-detailed macro product photograph of a single real fly-fishing fly on a seamless pure white background, studio softbox lighting, sharp focus, side profile view, no hands, no text. The fly is an ""Elk Hair Caddis"" (Al Troth). Standard straight dry-fly hook, size 12-18. From the eye back: the trimmed, squared-off, bristly flared butt ends of the elk hair forming a short head just behind the eye; a wing of light tan elk flank hair lying back low over the body in a tent shape, reaching to about the end of the hook bend; underneath it a spiky tan hare's-ear dubbed body running the length of the shank, with a brown, ginger or furnace hackle palmered in open spirals along that whole body, and a fine gold wire rib counter-wrapped over the palmered hackle in the opposite direction to lock it down; NO tail of any kind behind the bend. Hook rides point-down: hook point facing DOWN, wing and all materials on top of the shank, on the opposite side from the point. Only one fly, hook bend and point clearly visible. COLOURWAY: this is the Black version — Black body, dark wing. Keep the construction above exactly as described and change only the colours to match this colourway. (Fished for: Small dark caddis, spring)",rebuilt-from-corrected-base,Construction inherited from corrected base `elk-hair-caddis`.,high
x-caddis,fly,flies,fal-ai/nano-banana-2,"Ultra-detailed macro product photograph of a single real fly-fishing fly on a seamless pure white background, studio softbox lighting, sharp focus, side profile view, no hands, no text. The fly is an ""X-Caddis"" (Craig Mathews, Blue Ribbon Flies). Standard straight dry-fly hook (TMC 100), size 12-18. From the eye back: the trimmed, squared-off butt ends of the wing hair forming a short bristly head just behind the eye; a wing of natural DEER hair — not elk — cleaned and stacked, lying back low over the body in a tent shape to about the end of the hook bend; a slim olive dubbed body running the length of the shank; NO hackle anywhere and NO tail; instead a trailing shuck of amber or olive crinkled Zelon yarn tied in at the bend, about one hook-shank long, with ragged uneven ends. Hook rides point-down: hook point facing DOWN, wing and all materials on top of the shank, on the opposite side from the point. Only one fly, hook bend and point clearly visible.",minor,"'Elk-hair wing' — the recipe specifies DEER hair. RiverKeeper: 'Wing: X caddis deer hair'. Orvis: 'Natural deer hair, cleaned and stacked. (The pattern uses deer hair, not elk hair.)' Deer hair is finer and flares more than elk, so this is a visible difference, and the whole point of the X-Caddis as distinct from the Elk Hair Caddis in this batch. | 'a short trailing Z-lon shuck' — the shuck is about one hook-shank long, not short.",high
x-caddis-tan,fly-variant,flies,fal-ai/nano-banana-2,"Ultra-detailed macro product photograph of a single real fly-fishing fly on a seamless pure white background, studio softbox lighting, sharp focus, side profile view, no hands, no text. The fly is an ""X-Caddis"" (Craig Mathews, Blue Ribbon Flies). Standard straight dry-fly hook (TMC 100), size 12-18. From the eye back: the trimmed, squared-off butt ends of the wing hair forming a short bristly head just behind the eye; a wing of natural DEER hair — not elk — cleaned and stacked, lying back low over the body in a tent shape to about the end of the hook bend; a slim olive dubbed body running the length of the shank; NO hackle anywhere and NO tail; instead a trailing shuck of amber or olive crinkled Zelon yarn tied in at the bend, about one hook-shank long, with ragged uneven ends. Hook rides point-down: hook point facing DOWN, wing and all materials on top of the shank, on the opposite side from the point. Only one fly, hook bend and point clearly visible. COLOURWAY: this is the Tan version — Tan body. Keep the construction above exactly as described and change only the colours to match this colourway. (Fished for: Standard)",rebuilt-from-corrected-base,Construction inherited from corrected base `x-caddis`.,high
x-caddis-olive,fly-variant,flies,fal-ai/nano-banana-2,"Ultra-detailed macro product photograph of a single real fly-fishing fly on a seamless pure white background, studio softbox lighting, sharp focus, side profile view, no hands, no text. The fly is an ""X-Caddis"" (Craig Mathews, Blue Ribbon Flies). Standard straight dry-fly hook (TMC 100), size 12-18. From the eye back: the trimmed, squared-off butt ends of the wing hair forming a short bristly head just behind the eye; a wing of natural DEER hair — not elk — cleaned and stacked, lying back low over the body in a tent shape to about the end of the hook bend; a slim olive dubbed body running the length of the shank; NO hackle anywhere and NO tail; instead a trailing shuck of amber or olive crinkled Zelon yarn tied in at the bend, about one hook-shank long, with ragged uneven ends. Hook rides point-down: hook point facing DOWN, wing and all materials on top of the shank, on the opposite side from the point. Only one fly, hook bend and point clearly visible. COLOURWAY: this is the Olive version — Olive body. Keep the construction above exactly as described and change only the colours to match this colourway. (Fished for: Spring Brachycentrus)",rebuilt-from-corrected-base,Construction inherited from corrected base `x-caddis`.,high
cdc-caddis,fly,flies,fal-ai/nano-banana-2,"Ultra-detailed macro product photograph of a single real fly-fishing fly on a seamless pure white background, studio softbox lighting, sharp focus, side profile view, no hands, no text. The fly is a ""CDC Caddis"". Standard straight dry-fly hook (TMC 100), size 14-20. From the eye back: a small olive dubbed head; an overwing of one or two natural grey CDC feathers laid back over the body in a low tent shape to about the end of the hook bend — soft, wispy, slightly translucent barbules, clearly a feather wing and not a stiff hair wing; optionally a sparse underwing of light grey sparkle yarn beneath it; a slim olive superfine dubbed body running the length of the shank; NO hackle collar anywhere and NO tail. A sparse, delicate fly that sits low. Hook rides point-down: hook point facing DOWN, wing and all materials on top of the shank, on the opposite side from the point. Only one fly, hook bend and point clearly visible.",uncertain,"Nothing in the prompt is contradicted by the sources, but the prompt describes a generic construction that no single named recipe matches, and sources disagree on whether there is an underwing, a dubbed head, or a palmered CDC body.",low
stimulator,fly,flies,fal-ai/nano-banana-2,"Ultra-detailed macro product photograph of a single real fly-fishing fly on a seamless pure white background, studio softbox lighting, sharp focus, side profile view, no hands, no text. The fly is a ""Stimulator"" (Randall Kaufmann), yellow/golden-stone colourway. 3XL long, curved humped-shank dry-fly hook (TMC 200R or Daiichi 1270), size 6-14 — the shank visibly curves, it is not straight. From the eye back: a fluorescent fire-orange thread head; a grizzly hackle palmered in open spiral turns across a hot-orange sparkle-dubbed thorax, the grizzly fibres bushy and slightly longer than the hackle behind them; a wing of natural elk hair lying back over the body to about the end of the hook bend; a long yellow dubbed abdomen filling the rest of the curved shank, palmered in open turns with a brown hackle one or two sizes shorter than the grizzly, and counter-ribbed with fine gold wire spiralled the opposite way over that palmered hackle; a short, flared bunch of natural elk hair as the tail at the bend. Hook rides point-down: hook point facing DOWN, wing and all materials on top of the shank, on the opposite side from the point. Only one fly, hook bend and point clearly visible.",minor,"'Long-shank dry-fly hook' — the specified hook (TMC 200R / Daiichi 1260/1270) is 3XL long AND curved/humped along the shank, not a straight long-shank. The curve is a visible part of the fly's silhouette. | 'a bushy grizzly hackle collar over an orange dubbed thorax' — the grizzly is PALMERED in open spiral turns across the whole thorax, not wound as a single dense collar at the front. Kaufmann also specifies it slightly longer than the abdomen hackle.",high
stimulator-yellow,fly-variant,flies,fal-ai/nano-banana-2,"Ultra-detailed macro product photograph of a single real fly-fishing fly on a seamless pure white background, studio softbox lighting, sharp focus, side profile view, no hands, no text. The fly is a ""Stimulator"" (Randall Kaufmann), yellow/golden-stone colourway. 3XL long, curved humped-shank dry-fly hook (TMC 200R or Daiichi 1270), size 6-14 — the shank visibly curves, it is not straight. From the eye back: a fluorescent fire-orange thread head; a grizzly hackle palmered in open spiral turns across a hot-orange sparkle-dubbed thorax, the grizzly fibres bushy and slightly longer than the hackle behind them; a wing of natural elk hair lying back over the body to about the end of the hook bend; a long yellow dubbed abdomen filling the rest of the curved shank, palmered in open turns with a brown hackle one or two sizes shorter than the grizzly, and counter-ribbed with fine gold wire spiralled the opposite way over that palmered hackle; a short, flared bunch of natural elk hair as the tail at the bend. Hook rides point-down: hook point facing DOWN, wing and all materials on top of the shank, on the opposite side from the point. Only one fly, hook bend and point clearly visible. COLOURWAY: this is the Yellow version — Yellow body, orange head. Keep the construction above exactly as described and change only the colours to match this colourway. (Fished for: Golden stones, Yellow Sallies, caddis)",rebuilt-from-corrected-base,Construction inherited from corrected base `stimulator`.,high
stimulator-orange,fly-variant,flies,fal-ai/nano-banana-2,"Ultra-detailed macro product photograph of a single real fly-fishing fly on a seamless pure white background, studio softbox lighting, sharp focus, side profile view, no hands, no text. The fly is a ""Stimulator"" (Randall Kaufmann), yellow/golden-stone colourway. 3XL long, curved humped-shank dry-fly hook (TMC 200R or Daiichi 1270), size 6-14 — the shank visibly curves, it is not straight. From the eye back: a fluorescent fire-orange thread head; a grizzly hackle palmered in open spiral turns across a hot-orange sparkle-dubbed thorax, the grizzly fibres bushy and slightly longer than the hackle behind them; a wing of natural elk hair lying back over the body to about the end of the hook bend; a long yellow dubbed abdomen filling the rest of the curved shank, palmered in open turns with a brown hackle one or two sizes shorter than the grizzly, and counter-ribbed with fine gold wire spiralled the opposite way over that palmered hackle; a short, flared bunch of natural elk hair as the tail at the bend. Hook rides point-down: hook point facing DOWN, wing and all materials on top of the shank, on the opposite side from the point. Only one fly, hook bend and point clearly visible. COLOURWAY: this is the Orange version — Orange body. Keep the construction above exactly as described and change only the colours to match this colourway. (Fished for: Salmonflies)",rebuilt-from-corrected-base,Construction inherited from corrected base `stimulator`.,high
stimulator-olive,fly-variant,flies,fal-ai/nano-banana-2,"Ultra-detailed macro product photograph of a single real fly-fishing fly on a seamless pure white background, studio softbox lighting, sharp focus, side profile view, no hands, no text. The fly is a ""Stimulator"" (Randall Kaufmann), yellow/golden-stone colourway. 3XL long, curved humped-shank dry-fly hook (TMC 200R or Daiichi 1270), size 6-14 — the shank visibly curves, it is not straight. From the eye back: a fluorescent fire-orange thread head; a grizzly hackle palmered in open spiral turns across a hot-orange sparkle-dubbed thorax, the grizzly fibres bushy and slightly longer than the hackle behind them; a wing of natural elk hair lying back over the body to about the end of the hook bend; a long yellow dubbed abdomen filling the rest of the curved shank, palmered in open turns with a brown hackle one or two sizes shorter than the grizzly, and counter-ribbed with fine gold wire spiralled the opposite way over that palmered hackle; a short, flared bunch of natural elk hair as the tail at the bend. Hook rides point-down: hook point facing DOWN, wing and all materials on top of the shank, on the opposite side from the point. Only one fly, hook bend and point clearly visible. COLOURWAY: this is the Olive version — Olive body. Keep the construction above exactly as described and change only the colours to match this colourway. (Fished for: Big caddis)",rebuilt-from-corrected-base,Construction inherited from corrected base `stimulator`.,high
chubby-chernobyl,fly,flies,fal-ai/nano-banana-2,"Ultra-detailed macro product photograph of a single real fly-fishing fly on a seamless pure white background, studio softbox lighting, sharp focus, side profile view, no hands, no text. The fly is a ""Chubby Chernobyl"". A 2XL-3XL long-shank terrestrial dry-fly hook, size 8. From the eye back: a short blunt tan foam head projecting over the hook eye; a strip of 2mm tan foam laid flat along the top of the whole shank and lashed down at two points so it forms two fat foam segments; at each of those two tie-down points a clump of white poly yarn lying BACK over the body at a low angle, splayed and combed out, the rear clump shorter and the front clump reaching past the hook bend - the wings lie back over the fly, they are NOT upright posts; at each tie-down point two speckled brown rubber legs splayed out to each side, four rubber legs in total; a tan sparkle dubbing underbody visible beneath and between the foam segments; a short tail of a few strands of pearl Krystal Flash at the bend. Hook rides point-down: hook point facing DOWN, all materials on top of the shank. Only one fly, hook bend and point clearly visible.",minor,"""two white poly-yarn wings standing up"" - the two poly wings are tied in flat at two points along the foam body and lie BACK over the body at a low angle; they are not upright posts. This is the single most recognisable feature and upright wings would render a parachute-style fly, not a Chubby. | ""Large dry-fly hook"" - it is a 2XL-3XL long-shank terrestrial hook, not a standard-length dry hook; a standard dry hook gives a stubby, wrong-proportioned body.",high
chubby-chernobyl-golden,fly-variant,flies,fal-ai/nano-banana-2,"Ultra-detailed macro product photograph of a single real fly-fishing fly on a seamless pure white background, studio softbox lighting, sharp focus, side profile view, no hands, no text. The fly is a ""Chubby Chernobyl"" in the Golden colour variant. A 2XL-3XL long-shank terrestrial dry-fly hook, size 8. From the eye back: a short blunt tan foam head projecting over the hook eye; a strip of 2mm tan foam laid flat along the top of the whole shank and lashed down at two points so it forms two fat foam segments; at each of those two tie-down points a clump of white poly yarn lying BACK over the body at a low angle, splayed and combed out, the rear clump shorter and the front clump reaching past the hook bend - the wings lie back over the fly, they are NOT upright posts; at each tie-down point two speckled brown rubber legs splayed out to each side, four rubber legs in total; a tan sparkle dubbing underbody visible beneath and between the foam segments; a short tail of a few strands of pearl Krystal Flash at the bend. Hook rides point-down: hook point facing DOWN, all materials on top of the shank. Only one fly, hook bend and point clearly visible. COLOURWAY: this is the Golden version — Tan foam, gold dubbing, tan legs. Keep the construction above exactly as described and change only the colours to match this colourway. (Fished for: Golden stones, hoppers)",rebuilt-from-corrected-base,Construction inherited from corrected base `chubby-chernobyl`.,high
chubby-chernobyl-purple,fly-variant,flies,fal-ai/nano-banana-2,"Ultra-detailed macro product photograph of a single real fly-fishing fly on a seamless pure white background, studio softbox lighting, sharp focus, side profile view, no hands, no text. The fly is a ""Chubby Chernobyl"" in the Purple colour variant. A 2XL-3XL long-shank terrestrial dry-fly hook, size 8. From the eye back: a short blunt tan foam head projecting over the hook eye; a strip of 2mm tan foam laid flat along the top of the whole shank and lashed down at two points so it forms two fat foam segments; at each of those two tie-down points a clump of white poly yarn lying BACK over the body at a low angle, splayed and combed out, the rear clump shorter and the front clump reaching past the hook bend - the wings lie back over the fly, they are NOT upright posts; at each tie-down point two speckled brown rubber legs splayed out to each side, four rubber legs in total; a tan sparkle dubbing underbody visible beneath and between the foam segments; a short tail of a few strands of pearl Krystal Flash at the bend. Hook rides point-down: hook point facing DOWN, all materials on top of the shank. Only one fly, hook bend and point clearly visible. COLOURWAY: this is the Purple version — Purple foam and dubbing. Keep the construction above exactly as described and change only the colours to match this colourway. (Fished for: Attractor; cutthroat love it)",rebuilt-from-corrected-base,Construction inherited from corrected base `chubby-chernobyl`.,high
chubby-chernobyl-royal,fly-variant,flies,fal-ai/nano-banana-2,"Ultra-detailed macro product photograph of a single real fly-fishing fly on a seamless pure white background, studio softbox lighting, sharp focus, side profile view, no hands, no text. The fly is a ""Chubby Chernobyl"" in the Royal colour variant. A 2XL-3XL long-shank terrestrial dry-fly hook, size 8. From the eye back: a short blunt tan foam head projecting over the hook eye; a strip of 2mm tan foam laid flat along the top of the whole shank and lashed down at two points so it forms two fat foam segments; at each of those two tie-down points a clump of white poly yarn lying BACK over the body at a low angle, splayed and combed out, the rear clump shorter and the front clump reaching past the hook bend - the wings lie back over the fly, they are NOT upright posts; at each tie-down point two speckled brown rubber legs splayed out to each side, four rubber legs in total; a tan sparkle dubbing underbody visible beneath and between the foam segments; a short tail of a few strands of pearl Krystal Flash at the bend. Hook rides point-down: hook point facing DOWN, all materials on top of the shank. Only one fly, hook bend and point clearly visible. COLOURWAY: this is the Royal version — Peacock body, red foam. Keep the construction above exactly as described and change only the colours to match this colourway. (Fished for: Attractor, high visibility)",rebuilt-from-corrected-base,Construction inherited from corrected base `chubby-chernobyl`.,high
chubby-chernobyl-orange,fly-variant,flies,fal-ai/nano-banana-2,"Ultra-detailed macro product photograph of a single real fly-fishing fly on a seamless pure white background, studio softbox lighting, sharp focus, side profile view, no hands, no text. The fly is a ""Chubby Chernobyl"" in the Orange/Black colour variant. A 2XL-3XL long-shank terrestrial dry-fly hook, size 8. From the eye back: a short blunt tan foam head projecting over the hook eye; a strip of 2mm tan foam laid flat along the top of the whole shank and lashed down at two points so it forms two fat foam segments; at each of those two tie-down points a clump of white poly yarn lying BACK over the body at a low angle, splayed and combed out, the rear clump shorter and the front clump reaching past the hook bend - the wings lie back over the fly, they are NOT upright posts; at each tie-down point two speckled brown rubber legs splayed out to each side, four rubber legs in total; a tan sparkle dubbing underbody visible beneath and between the foam segments; a short tail of a few strands of pearl Krystal Flash at the bend. Hook rides point-down: hook point facing DOWN, all materials on top of the shank. Only one fly, hook bend and point clearly visible. COLOURWAY: this is the Orange/Black version — Orange foam over black. Keep the construction above exactly as described and change only the colours to match this colourway. (Fished for: Salmonfly)",rebuilt-from-corrected-base,Construction inherited from corrected base `chubby-chernobyl`.,high
yellow-sally-dry,fly,flies,fal-ai/nano-banana-2,"Ultra-detailed macro product photograph of a single real fly-fishing fly on a seamless pure white background, studio softbox lighting, sharp focus, side profile view, no hands, no text. The fly is a ""Yellow Sally"" little yellow stonefly dry fly. Standard dry-fly hook, size 14. From the eye back: a small thread head; a collar of cree or grizzly hackle wound at the front; a bright yellow dubbed thorax; a wing of bleached light elk hair lying low and flat, tented over the back and reaching to the hook bend; a slim bright yellow dubbed abdomen ribbed with fine gold wire; and at the very rear, right at the bend, a small bright orange dubbed egg-sac butt. No tail. Hook rides point-down: hook point facing DOWN, all materials on top of the shank. Only one fly, hook bend and point clearly visible.",minor,"""red thread butt"" - the standard egg-sac butt is bright ORANGE dubbing (orange rabbit fur) in the Orvis/Stimulator dressing; red is a variant, and it is dubbing rather than bare thread in most published recipes. Sources differ here, so orange-to-red is the honest range. | ""Slim yellow foam or dubbed body"" - an either/or the image model will mangle; the classic dressing is dubbed yellow rabbit/synthetic fur, ribbed. Foam is a separate modern variant. | ""a flat light-colored wing lying over the back"" - under-specified: the wing is bleached or light ELK HAIR, a hair wing kept thin and tented low ",medium
griffiths-gnat,fly,flies,fal-ai/nano-banana-2,"Ultra-detailed macro product photograph of a single real fly-fishing fly on a seamless pure white background, studio softbox lighting, sharp focus, side profile view, no hands, no text. The fly is a ""Griffith's Gnat"". Tiny standard straight-eye dry-fly hook, size 20. From the eye back: a minute black thread head; a grizzly hackle (barred black-and-white barbs, each barb about one and a half hook gaps long) palmered in evenly spaced open spiral turns along the entire shank from eye to bend; beneath the hackle a body of dark iridescent green-bronze peacock herl wrapped the full length of the shank. No tail, no wing, no rib - the whole fly reads as a small fuzzy bristling cluster. Hook rides point-down: hook point facing DOWN, all materials on top of the shank. Only one fly, hook bend and point clearly visible.",ok,,high
midge-adult,fly,flies,fal-ai/nano-banana-2,"Ultra-detailed macro product photograph of a single real fly-fishing fly on a seamless pure white background, studio softbox lighting, sharp focus, side profile view, no hands, no text. The fly is an ""Adult Midge (CDC/Hackle)"". Tiny straight-eye standard dry-fly hook, size 22. From the eye back: a minute thread head; two to four sparse turns of grizzly hackle as a short collar, the barbs trimmed flat underneath so the fly sits low; immediately behind that a short clump of white CDC feather fibres set angling up and back over the body, about one hook-shank long, as a visibility wing; then a very slim black thread body with fine even segmentation, tapering smoothly back to the bend. No tail. Hook rides point-down: hook point facing DOWN, all materials on top of the shank. Only one fly, hook bend and point clearly visible.",minor,"""a tiny CDC or hackle-tip wing lying back"" - the either/or will be mangled; published dressings use a short clump of white CDC or white Zelon/Antron, set up-and-back as a visibility wing, not paired hackle tips lying flat. | ""Slim thread body"" with no colour - the standard bodies are black or grey; leaving it uncoloured lets the model pick anything. | ""sparse hackle"" with no colour - grizzly is the standard in Matt's Midge and most published adult-midge dressings.",medium
royal-wulff,fly,flies,fal-ai/nano-banana-2,"Ultra-detailed macro product photograph of a single real fly-fishing fly on a seamless pure white background, studio softbox lighting, sharp focus, side profile view, no hands, no text. The fly is a ""Royal Wulff"". Standard dry-fly hook, size 12. From the eye back: a small black thread head; a dense coachman-brown hackle collar wound both in front of and behind the wings; two upright, divided white calf-body-hair wings set about one third back from the eye and standing about one hook-shank tall in a clear V; then a three-part body in strict order - a front band of dark iridescent peacock herl, a bright red floss band in the middle, and a rear butt of peacock herl at the bend; and a tail of dark natural moose body hair about one hook-shank long. Hook rides point-down: hook point facing DOWN, all materials on top of the shank. Only one fly, hook bend and point clearly visible.",minor,"""a brown bucktail tail"" - the published Royal Wulff tail is dark or natural MOOSE BODY HAIR (Charlie's Fly Box: ""Dark Moose Hair""; Orvis: ""natural moose body hair""). Bucktail is not the standard dressing; some older Wulff variants use elk or bucktail, but not the Royal Wulff as published. | ""white calf-hair wings"" - correct material family but the recipes specify calf BODY hair (softer, cleaner stacking) rather than calf tail.",high
morrish-hopper,fly,flies,fal-ai/nano-banana-2,"Ultra-detailed macro product photograph of a single real fly-fishing fly on a seamless pure white background, studio softbox lighting, sharp focus, side profile view, no hands, no text. The fly is a ""Morrish Hopper"". A 2XL long-shank hopper hook, size 10. From the eye back: a blunt squared foam head projecting over the eye; a small bright orange thin-foam indicator patch lying flat on top of the head and thorax; a laminated two-tone foam body running the full length of the shank, tan on the top and yellow on the belly, razor-cut into a tapered grasshopper silhouette - the tan top foam IS the wing, there is NO separate hair or feather wing and NO antennae; two short straight tan rubber front legs angling out just behind the head; two long knotted round-rubber hind legs lying back along the body with a sharp knee knot partway along, the lower segment kicking out behind. Hook rides point-down: hook point facing DOWN, all materials on top of the shank. Only one fly, hook bend and point clearly visible.",wrong,"""a flat wing over the back"" - the Morrish Hopper has NO separate wing. The tan top layer of the laminated foam body is the wing; adding a wing on top will produce a different, generic hopper. | ""thin rubber antennae"" - no published Morrish Hopper recipe includes antennae; this is invented. | ""A segmented tan foam body"" - it is a laminated TWO-TONE foam body (tan top over a coloured belly), cut to a hopper silhouette, not a plain segmented tan slab.",high
morrish-hopper-tan,fly-variant,flies,fal-ai/nano-banana-2,"Ultra-detailed macro product photograph of a single real fly-fishing fly on a seamless pure white background, studio softbox lighting, sharp focus, side profile view, no hands, no text. The fly is a ""Morrish Hopper"" in the Tan colour variant. A 2XL long-shank hopper hook, size 10. From the eye back: a blunt squared foam head projecting over the eye; a small bright orange thin-foam indicator patch lying flat on top of the head and thorax; a laminated two-tone foam body running the full length of the shank, tan on the top and yellow on the belly, razor-cut into a tapered grasshopper silhouette - the tan top foam IS the wing, there is NO separate hair or feather wing and NO antennae; two short straight tan rubber front legs angling out just behind the head; two long knotted round-rubber hind legs lying back along the body with a sharp knee knot partway along, the lower segment kicking out behind. Hook rides point-down: hook point facing DOWN, all materials on top of the shank. Only one fly, hook bend and point clearly visible. COLOURWAY: this is the Tan version — Tan foam. Keep the construction above exactly as described and change only the colours to match this colourway. (Fished for: Standard)",rebuilt-from-corrected-base,Construction inherited from corrected base `morrish-hopper`.,high
morrish-hopper-yellow,fly-variant,flies,fal-ai/nano-banana-2,"Ultra-detailed macro product photograph of a single real fly-fishing fly on a seamless pure white background, studio softbox lighting, sharp focus, side profile view, no hands, no text. The fly is a ""Morrish Hopper"" in the Yellow colour variant. A 2XL long-shank hopper hook, size 10. From the eye back: a blunt squared foam head projecting over the eye; a small bright orange thin-foam indicator patch lying flat on top of the head and thorax; a laminated two-tone foam body running the full length of the shank, tan on the top and yellow on the belly, razor-cut into a tapered grasshopper silhouette - the tan top foam IS the wing, there is NO separate hair or feather wing and NO antennae; two short straight tan rubber front legs angling out just behind the head; two long knotted round-rubber hind legs lying back along the body with a sharp knee knot partway along, the lower segment kicking out behind. Hook rides point-down: hook point facing DOWN, all materials on top of the shank. Only one fly, hook bend and point clearly visible. COLOURWAY: this is the Yellow version — Yellow foam. Keep the construction above exactly as described and change only the colours to match this colourway. (Fished for: Late summer)",rebuilt-from-corrected-base,Construction inherited from corrected base `morrish-hopper`.,high
morrish-hopper-pink,fly-variant,flies,fal-ai/nano-banana-2,"Ultra-detailed macro product photograph of a single real fly-fishing fly on a seamless pure white background, studio softbox lighting, sharp focus, side profile view, no hands, no text. The fly is a ""Morrish Hopper"" in the Pink colour variant. A 2XL long-shank hopper hook, size 10. From the eye back: a blunt squared foam head projecting over the eye; a small bright orange thin-foam indicator patch lying flat on top of the head and thorax; a laminated two-tone foam body running the full length of the shank, tan on the top and yellow on the belly, razor-cut into a tapered grasshopper silhouette - the tan top foam IS the wing, there is NO separate hair or feather wing and NO antennae; two short straight tan rubber front legs angling out just behind the head; two long knotted round-rubber hind legs lying back along the body with a sharp knee knot partway along, the lower segment kicking out behind. Hook rides point-down: hook point facing DOWN, all materials on top of the shank. Only one fly, hook bend and point clearly visible. COLOURWAY: this is the Pink version — Pink foam. Keep the construction above exactly as described and change only the colours to match this colourway. (Fished for: Attractor, cutthroat)",rebuilt-from-corrected-base,Construction inherited from corrected base `morrish-hopper`.,high
daves-hopper,fly,flies,fal-ai/nano-banana-2,"Ultra-detailed macro product photograph of a single real fly-fishing fly on a seamless pure white background, studio softbox lighting, sharp focus, side profile view, no hands, no text. The fly is a ""Dave's Hopper"". A 3XL long-shank hook, size 8. From the eye back: a natural deer body hair head, spun and razor-trimmed to a blunt square block with a flat bottom; immediately behind it a collar of untrimmed deer hair TIPS flaring back over the body; a knotted ringneck pheasant-tail-fibre hind leg on each side, kicking out and back with a sharp knee knot; a mottled brown turkey quill slip wing lying flat over the back and reaching to the end of the body; a yellow poly-yarn body along the shank, palmered with a brown rooster hackle trimmed short so only bristly stubs remain as a rib, and a small loop of the yellow yarn at the rear; a short red deer-hair tail at the bend. Hook rides point-down: hook point facing DOWN, all materials on top of the shank. Only one fly, hook bend and point clearly visible.",minor,"""A spun and trimmed deer-hair head"" alone - the recipe's head is spun and trimmed square and flat-bottomed AND leaves a collar of untrimmed deer hair tips flaring back over the body. Trimming all round gives the wrong silhouette.",high
parachute-ant,fly,flies,fal-ai/nano-banana-2,"Ultra-detailed macro product photograph of a single real fly-fishing fly on a seamless pure white background, studio softbox lighting, sharp focus, side profile view, no hands, no text. The fly is a ""Parachute Ant"". Standard dry-fly hook, size 16. From the eye back: a small black thread head; a small glossy black dubbed thorax hump at the front of the shank; then a short white parachute post standing straight up at the pinched waist, with four to five turns of grizzly hackle wound flat and horizontal around the base of the post, the barred barbs radiating out sideways like legs; a bare pinched black thread waist; then a larger glossy black dubbed abdomen hump running from the waist back to the bend. No tail. Hook rides point-down: hook point facing DOWN, all materials on top of the shank. Only one fly, hook bend and point clearly visible.",minor,"""a small white parachute post with a few turns of hackle on the front hump"" - the post is normally set at the WAIST between the two humps (around 60-80% of the shank), not on top of the front hump, and it takes four to five full horizontal turns of hackle, not ""a few"". | ""Two round dubbed humps"" with no colour named - the prompt never says the ant is BLACK, so the image model is free to render any colour.",high
foam-ant,fly,flies,fal-ai/nano-banana-2,"Ultra-detailed macro product photograph of a single real fly-fishing fly on a seamless pure white background, studio softbox lighting, sharp focus, side profile view, no hands, no text. The fly is a ""Foam Ant"". Standard dry-fly hook, size 16. From the eye back: a small black thread head; a smaller rounded black closed-cell foam front hump with a tiny white foam indicator tab laminated on its top surface; at the pinched waist, black hackle barbs sticking straight out horizontally, about three to each side, trimmed flush above and below; a thin bare black thread waist; a larger rounded black foam rear hump running back to the bend. The fly sits low and flush, no tail. Hook rides point-down: hook point facing DOWN, all materials on top of the shank. Only one fly, hook bend and point clearly visible.",minor,"""a couple of rubber or hackle legs at the waist"" - an either/or the model will mangle, and it understates the count: the standard dressing wraps a black hackle at the waist and trims it top and bottom, leaving about three legs sticking out on EACH side.",medium
flying-ant,fly,flies,fal-ai/nano-banana-2,"Ultra-detailed macro product photograph of a single real fly-fishing fly on a seamless pure white background, studio softbox lighting, sharp focus, side profile view, no hands, no text. The fly is a ""Flying Ant"". Standard dry-fly hook, size 16. From the eye back: a small thread head; a smaller rust-cinnamon dubbed front thorax hump; two or three turns of brown hackle at the waist trimmed flat underneath so the barbs stick out sideways as legs; two wings of white poly yarn lying BACK flat over the abdomen in a shallow V, reaching just past the hook bend; a thin pinched waist; a larger rust-cinnamon rear abdomen hump running back to the bend. No tail. (A black-bodied version with the same white wings is the other standard colourway.) Hook rides point-down: hook point facing DOWN, all materials on top of the shank. Only one fly, hook bend and point clearly visible.",minor,"""two clear or white wings"" - ""clear"" is not a tying material in any consulted recipe; the wings are white poly yarn, white Zelon/Antron, or light-dun hackle tips. ""Clear"" will invite a rendered insect wing, not a tied fly. | ""Two-humped ant body with thin waist"" with no colour named - standard colourways are black and cinnamon/rust-orange; the prompt leaves it open.",medium
foam-beetle,fly,flies,fal-ai/nano-banana-2,"Ultra-detailed macro product photograph of a single real fly-fishing fly on a seamless pure white background, studio softbox lighting, sharp focus, side profile view, no hands, no text. The fly is a ""Foam Beetle"". Standard dry-fly hook, size 14. From the eye back: a short blunt stub of black foam projecting forward over the hook eye as the beetle's head; immediately behind it, at the head-to-body junction, a small bright orange foam dot on top as a sighter; from there a flat oval black foam shellback stretched back over the whole body and tied down at the same point; three stiff dark moose-hair legs sticking out to each side at that tie-down, each trimmed to just longer than the hook gap; and beneath the shellback a fat body of dark iridescent green-bronze peacock herl wrapped from the bend forward. Hook rides point-down: hook point facing DOWN, all materials on top of the shank. Only one fly, hook bend and point clearly visible.",minor,"""a few rubber legs out the sides"" - the published Craven/Fly Fisherman and Orvis dressings use MOOSE HAIR legs, three to a side, trimmed just longer than the hook gap. Rubber legs appear in some shop variants, so this is a variant not a flat error, but moose hair is the standard. | ""An oval black foam shellback"" - correct as far as it goes, but the foam also continues forward as a stub head over the eye, which the prompt does not say.",high
rs2,fly,flies,fal-ai/nano-banana-2,"Ultra-detailed macro product photograph of a single real fly-fishing fly on a seamless pure white background, studio softbox lighting, sharp focus, side profile view, no hands, no text. The fly is an ""RS2"". Tiny straight-eye standard dry-fly hook, size 20. From the eye back: a minute grey thread head; a short sparse upright clump of white Antron/Zelon fibres standing up from the thorax and trimmed square, no longer than the hook gap, as the wing stub (the original Rim Chung dressing uses dark dun webby hackle fluff here instead); a grey beaver-fur thorax noticeably thicker than the rest of the body; a slim, finely segmented, tapered grey dubbed abdomen running back to the bend; and two dark-dun Microfibett tails, each one full hook-shank long, split widely apart at about 60 to 70 degrees. Hook rides point-down: hook point facing DOWN, all materials on top of the shank. Only one fly, hook bend and point clearly visible.",minor,"""a short stub of white Antron or CDC"" - correct for the common commercial Sparkle Wing RS2, but the ORIGINAL Rim Chung wing is dark dun webby saddle-hackle fluff. Sources genuinely differ; the honest range is dark dun hackle web (original) through white/light-grey Antron or white CDC (sparkle-wing and CDC variants). The prompt should pick one and say which. | ""Slim gray dubbed body"" - correct colour, but the dubbing is specifically beaver or muskrat fur, tightly twisted to give visible segmentation and a thorax noticeably thicker than the abdomen; the prompt implies a uniform slim body.",medium
rs2-gray,fly-variant,flies,fal-ai/nano-banana-2,"Ultra-detailed macro product photograph of a single real fly-fishing fly on a seamless pure white background, studio softbox lighting, sharp focus, side profile view, no hands, no text. The fly is an ""RS2"" in the Gray colour variant. Tiny straight-eye standard dry-fly hook, size 20. From the eye back: a minute grey thread head; a short sparse upright clump of white Antron/Zelon fibres standing up from the thorax and trimmed square, no longer than the hook gap, as the wing stub (the original Rim Chung dressing uses dark dun webby hackle fluff here instead); a grey beaver-fur thorax noticeably thicker than the rest of the body; a slim, finely segmented, tapered grey dubbed abdomen running back to the bend; and two dark-dun Microfibett tails, each one full hook-shank long, split widely apart at about 60 to 70 degrees. Hook rides point-down: hook point facing DOWN, all materials on top of the shank. Only one fly, hook bend and point clearly visible. COLOURWAY: this is the Gray version — Gray body. Keep the construction above exactly as described and change only the colours to match this colourway. (Fished for: BWO, midges)",rebuilt-from-corrected-base,Construction inherited from corrected base `rs2`.,medium
rs2-olive,fly-variant,flies,fal-ai/nano-banana-2,"Ultra-detailed macro product photograph of a single real fly-fishing fly on a seamless pure white background, studio softbox lighting, sharp focus, side profile view, no hands, no text. The fly is an ""RS2"" in the Olive colour variant. Tiny straight-eye standard dry-fly hook, size 20. From the eye back: a minute grey thread head; a short sparse upright clump of white Antron/Zelon fibres standing up from the thorax and trimmed square, no longer than the hook gap, as the wing stub (the original Rim Chung dressing uses dark dun webby hackle fluff here instead); a grey beaver-fur thorax noticeably thicker than the rest of the body; a slim, finely segmented, tapered grey dubbed abdomen running back to the bend; and two dark-dun Microfibett tails, each one full hook-shank long, split widely apart at about 60 to 70 degrees. Hook rides point-down: hook point facing DOWN, all materials on top of the shank. Only one fly, hook bend and point clearly visible. COLOURWAY: this is the Olive version — Olive body. Keep the construction above exactly as described and change only the colours to match this colourway. (Fished for: BWO)",rebuilt-from-corrected-base,Construction inherited from corrected base `rs2`.,medium
rs2-black,fly-variant,flies,fal-ai/nano-banana-2,"Ultra-detailed macro product photograph of a single real fly-fishing fly on a seamless pure white background, studio softbox lighting, sharp focus, side profile view, no hands, no text. The fly is an ""RS2"" in the Black colour variant. Tiny straight-eye standard dry-fly hook, size 20. From the eye back: a minute grey thread head; a short sparse upright clump of white Antron/Zelon fibres standing up from the thorax and trimmed square, no longer than the hook gap, as the wing stub (the original Rim Chung dressing uses dark dun webby hackle fluff here instead); a grey beaver-fur thorax noticeably thicker than the rest of the body; a slim, finely segmented, tapered grey dubbed abdomen running back to the bend; and two dark-dun Microfibett tails, each one full hook-shank long, split widely apart at about 60 to 70 degrees. Hook rides point-down: hook point facing DOWN, all materials on top of the shank. Only one fly, hook bend and point clearly visible. COLOURWAY: this is the Black version — Black body. Keep the construction above exactly as described and change only the colours to match this colourway. (Fished for: Midges)",rebuilt-from-corrected-base,Construction inherited from corrected base `rs2`.,medium
cdc-loopwing,fly,flies,fal-ai/nano-banana-2,"Ultra-detailed macro product photograph of a single real fly-fishing fly on a seamless pure white background, studio softbox lighting, sharp focus, side profile view, no hands, no text. The fly is a ""CDC Loop Wing Emerger"". Small short-shank emerger hook, size 18 (the originator's dressing uses a straight-eye dry hook; curved emerger hooks are the common commercial variant). From the eye back: a fine thread head with the tips of two natural-dun CDC feathers folded forward and lashed down at the eye; from that same tie-down point the CDC fibres arch up and back in a soft translucent LOOP over the thorax and settle again just behind it; a thicker, darker medium-olive hare's-ear dubbed thorax under the loop; a slim, finely tapered medium-olive dubbed abdomen covering the rear three-fifths of the shank; and at the bend a short wispy CDC trailing shuck, soft and frayed, NOT stiff split tails. Hook rides point-down: hook point facing DOWN, all materials on top of the shank. Only one fly, hook bend and point clearly visible.",minor,"""Small curved emerger hook"" - stated as fact, but the originator's own recipe uses a straight-eye dry hook (Partridge SLD). Curved is a common variant; the prompt should acknowledge one or the other rather than asserting curved. | ""short tails"" - the rear of this fly is a soft wispy CDC TRAILING SHUCK, not short stiff tails; drawing tails gives the wrong emerger silhouette. | ""Slim dubbed body"" with no colour - the standard colourways are olive and grey (BWO/Baetis), and the thorax is darker and thicker than the abdomen.",medium
barrs-emerger,fly,flies,fal-ai/nano-banana-2,"Ultra-detailed macro product photograph of a single real fly-fishing fly on a seamless pure white background, studio softbox lighting, sharp focus, side profile view, no hands, no text. The fly is a ""Barr's Emerger"" (blue-winged olive). A 2X-short CURVED emerger hook, size 18, so the body follows a gentle curve. From the eye back: a small dark thread head; a plump thorax of natural GREY muskrat/beaver dubbing; over the top of that thorax a wing case of dark dun hackle fibres pulled forward and tied off, with the leftover fibre tips splayed back along both sides of the thorax as the legs; behind the thorax a slim, lightly tapered OLIVE-BROWN dubbed abdomen covering about two thirds of the shank and following the hook's curve; and at the bend a sparse tail shuck of brown-ginger hackle fibres about half a shank long. Hook rides point-down: hook point facing DOWN, all materials on top of the shank. Only one fly, hook bend and point clearly visible.",wrong,"""olive dubbed thorax"" - this is backwards. In every consulted recipe the ABDOMEN is the olive/olive-brown part and the THORAX is natural GREY muskrat or beaver dubbing. An olive thorax produces a visibly wrong fly. | ""Small nymph hook"" - the recipe calls for a 2X-short CURVED emerger hook (TMC 2487/2488, Dai-Riki 125); a straight nymph hook gives the wrong body curve and the wrong short-shank proportion. | ""Short brown dubbed abdomen"" - the abdomen is olive-brown (not plain brown) and it runs about two thirds of the shank; it is the long part of the fly, not a short one. | ""a few tail fibers"" ",high
klinkhammer,fly,flies,fal-ai/nano-banana-2,"Ultra-detailed macro product photograph of a single real fly-fishing fly on a seamless pure white background, studio softbox lighting, sharp focus, side profile view, no hands, no text. The fly is a ""Klinkhammer Special"". A wide-gape continuous-curve Klinkhammer emerger hook with a straight ring eye, deep hook bend. From the eye back: a short bare thread head, then a fat thorax of dark iridescent peacock herl; rising vertically from that thorax a single upright white poly-yarn post, with a grizzly-dun parachute hackle wound flat and horizontally around the base of the post so the fibres radiate out level; behind the thorax a very slim, smoothly tapered tan-grey dubbed abdomen that continues down and around the curve of the hook bend. No tail, no rib, no wings. Hook rides point-down: hook point facing DOWN, the post and hackle on top of the shank. Only one fly, hook bend and point clearly visible.",minor,"""The rear half of the body curves down below the surface"" — this describes the fly in water, not the fly itself; on a white studio background there is no surface. The recipe describes an abdomen wrapped down and around the hook's curve, and the prompt as written invites the image model to draw a waterline. | ""Curved emerger hook"" understates the hook: the Klinkhamår hook is a specific wide-gape continuous-curve hook with a STRAIGHT (ring) eye, not a standard down-eye curved emerger hook.",high
sparkle-pupa,fly,flies,fal-ai/nano-banana-2,"Ultra-detailed macro product photograph of a single real fly-fishing fly on a seamless pure white background, studio softbox lighting, sharp focus, side profile view, no hands, no text. The fly is a ""LaFontaine Emergent Sparkle Pupa"". Standard dry-fly hook, straight shank, down eye. From the eye back: a small head of brown dubbing; a sparse dark deer-hair wing lying back low over the body and reaching to about the hook bend; a plump body of olive-amber Antron dubbing completely veiled by a loose translucent sheath of cream and white Antron yarn that is split around BOTH sides of the shank so it stands off the body like a glassy air bubble; and at the bend a straggly trailing shuck of pale Antron yarn fibres extending about one hook-shank length behind the fly. No hackle, no rib. Hook rides point-down: hook point facing DOWN, wing and sheath on top of the shank. Only one fly, hook bend and point clearly visible.",wrong,"""The fly is a \""LaFontaine Sparkle Pupa\"""" — the prompt does not say which; it then mixes the two, giving a hair wing (Emergent only) AND ""an ostrich or dubbed head"" (ostrich is Deep only). No published recipe has both a deer-hair wing and an ostrich-herl head. | ""a short sparse hair wing"" — the Deep Sparkle Pupa has no hair wing at all; its equivalent is a few lemon wood-duck fibres tied as legs at the sides. If the intended fly is the Deep version this is simply the wrong material. | ""Standard nymph hook"" — the Emergent Sparkle Pupa (which matches this entry's ""weight: none"" and emerger type",high
soft-hackle-po,fly,flies,fal-ai/nano-banana-2,"Ultra-detailed macro product photograph of a single real fly-fishing fly on a seamless pure white background, studio softbox lighting, sharp focus, side profile view, no hands, no text. The fly is a ""Partridge and Orange (soft hackle)"". Standard 1X-long wet-fly hook, straight shank, down eye. From the eye back: a very sparse collar of mottled brown-grey partridge feather fibres, only one and a half turns, swept back over the body and reaching to about the hook point; behind it a small neat ball of tan hare's-mask dubbing as a thorax; then a slim, smooth, slightly translucent hot-orange silk body wound evenly to the bend, optionally ribbed with fine gold wire. No tail, no wing, no bead. Hook rides point-down: hook point facing DOWN, hackle fibres flowing back over the top of the shank. Only one fly, hook bend and point clearly visible.",minor,"""a sparse collar of brown partridge feather fibers"" — sources disagree on the feather: Fly Tyer's recipe specifies ""Gray partridge"", Wikipedia and the North Country tradition specify ""mottled brown partridge"" (the back feather). Both are in print; the prompt should say ""mottled brown-grey partridge"" rather than committing to one. | ""A slim body of orange silk floss"" — defensible, but the widely published modern versions build the body from orange tying silk/thread rather than floss (Wikipedia: body ""formed with tying thread""). Range, not an outright error.",high
soft-hackle-po-orange,fly-variant,flies,fal-ai/nano-banana-2,"Ultra-detailed macro product photograph of a single real fly-fishing fly on a seamless pure white background, studio softbox lighting, sharp focus, side profile view, no hands, no text. The fly is a ""Partridge and Orange (soft hackle)"" in the Orange colour variant. Standard 1X-long wet-fly hook, straight shank, down eye. From the eye back: a very sparse collar of mottled brown-grey partridge feather fibres, only one and a half turns, swept back over the body and reaching to about the hook point; behind it a small neat ball of tan hare's-mask dubbing as a thorax; then a slim, smooth, slightly translucent hot-orange silk body wound evenly to the bend, optionally ribbed with fine gold wire. No tail, no wing, no bead. Hook rides point-down: hook point facing DOWN, hackle fibres flowing back over the top of the shank. Only one fly, hook bend and point clearly visible. COLOURWAY: this is the Orange version — Orange silk. Keep the construction above exactly as described and change only the colours to match this colourway. (Fished for: Caddis pupa)",rebuilt-from-corrected-base,Construction inherited from corrected base `soft-hackle-po`.,high
soft-hackle-po-yellow,fly-variant,flies,fal-ai/nano-banana-2,"Ultra-detailed macro product photograph of a single real fly-fishing fly on a seamless pure white background, studio softbox lighting, sharp focus, side profile view, no hands, no text. The fly is a ""Partridge and Orange (soft hackle)"" in the Yellow colour variant. Standard 1X-long wet-fly hook, straight shank, down eye. From the eye back: a very sparse collar of mottled brown-grey partridge feather fibres, only one and a half turns, swept back over the body and reaching to about the hook point; behind it a small neat ball of tan hare's-mask dubbing as a thorax; then a slim, smooth, slightly translucent hot-orange silk body wound evenly to the bend, optionally ribbed with fine gold wire. No tail, no wing, no bead. Hook rides point-down: hook point facing DOWN, hackle fibres flowing back over the top of the shank. Only one fly, hook bend and point clearly visible. COLOURWAY: this is the Yellow version — Yellow silk. Keep the construction above exactly as described and change only the colours to match this colourway. (Fished for: Sulphur, PMD emergers)",rebuilt-from-corrected-base,Construction inherited from corrected base `soft-hackle-po`.,high
soft-hackle-po-olive,fly-variant,flies,fal-ai/nano-banana-2,"Ultra-detailed macro product photograph of a single real fly-fishing fly on a seamless pure white background, studio softbox lighting, sharp focus, side profile view, no hands, no text. The fly is a ""Partridge and Orange (soft hackle)"" in the Olive colour variant. Standard 1X-long wet-fly hook, straight shank, down eye. From the eye back: a very sparse collar of mottled brown-grey partridge feather fibres, only one and a half turns, swept back over the body and reaching to about the hook point; behind it a small neat ball of tan hare's-mask dubbing as a thorax; then a slim, smooth, slightly translucent hot-orange silk body wound evenly to the bend, optionally ribbed with fine gold wire. No tail, no wing, no bead. Hook rides point-down: hook point facing DOWN, hackle fibres flowing back over the top of the shank. Only one fly, hook bend and point clearly visible. COLOURWAY: this is the Olive version — Olive silk. Keep the construction above exactly as described and change only the colours to match this colourway. (Fished for: BWO emergers)",rebuilt-from-corrected-base,Construction inherited from corrected base `soft-hackle-po`.,high
diving-caddis,fly,flies,fal-ai/nano-banana-2,"Ultra-detailed macro product photograph of a single real fly-fishing fly on a seamless pure white background, studio softbox lighting, sharp focus, side profile view, no hands, no text. The fly is a ""Diving Caddis"". Standard wet-fly hook, straight shank, down eye. From the eye back: a small thread head; two turns of sparse soft brown hackle swept flat back over the fly; a low down-wing in two layers — an underwing of mottled brown partridge or grouse fibres reaching just past the hook bend, with an overwing of clear glassy Antron fibres laid over it and slightly longer; beneath the wing a body of bright green sparkle Antron dubbing wound to the bend. No tail, no rib, no bead. Hook rides point-down: hook point facing DOWN, wing and hackle on top of the shank. Only one fly, hook bend and point clearly visible.",wrong,"""a wing of Antron fibers slicked back along the body"" — the recipe specifies TWO wing layers: a mottled game-bird underwing (partridge, grouse or mallard) with the clear Antron laid over it. Drawn as a single synthetic wing the fly loses its defining mottled-under-clear look. | ""small hackle"" — vague and understated; the recipe is two turns of dry-fly hackle in the body colour, deliberately forced/swept back over the wing at the head, not a small neat collar. | The batch entry's ""weight: light"" is not supported — published Diving Caddis recipes list no lead or bead; it is a plain wet fly fishe",high
wd40,fly,flies,fal-ai/nano-banana-2,"Ultra-detailed macro product photograph of a single real fly-fishing fly on a seamless pure white background, studio softbox lighting, sharp focus, side profile view, no hands, no text. The fly is a ""WD-40"". A tiny short-shank curved emerger/scud hook, size 18-22. From the eye back: a small bulbous thorax of grey muskrat dubbing, with a wing case of barred wood-duck-dyed mallard flank fibres pulled forward over the top of that thorax and tied off behind the eye, the butts clipped short; behind the thorax a very slim, smoothly tapered olive-brown tying-thread abdomen; at the bend a short sparse tail of the same barred wood-duck fibres, only about one third of the shank long. No rib, no bead, no wings, no hackle. Hook rides point-down: hook point facing DOWN, wing case on top of the shank. Only one fly, hook bend and point clearly visible.",minor,"""Tiny nymph hook"" — too vague to steer the silhouette. Sources split between a curved TMC 2487-style emerger hook (Craven, most commercial ties) and a straight standard nymph hook (Engler's original); the prompt should name one and note it is short-shanked. | No colour is given at all. The standard colourways are olive, grey, black or tobacco-brown thread with a grey muskrat thorax; left unstated the model will invent one.",high
pheasant-tail,fly,flies,fal-ai/nano-banana-2,"Ultra-detailed macro product photograph of a single real fly-fishing fly on a seamless pure white background, studio softbox lighting, sharp focus, side profile view, no hands, no text. The fly is a ""Pheasant Tail Nymph"". Standard 2X-long straight-shank nymph hook, down eye, size 14-18. From the eye back: a small brown thread head; a wing case of dark reddish-brown pheasant-tail fibres pulled tight over a fat green-bronze iridescent peacock-herl thorax, with the tips of those same fibres folded back and splayed down each side as short legs; behind the thorax a slim reddish-brown abdomen wound from pheasant-tail fibres and counter-ribbed with fine copper wire in evenly spaced turns; at the bend three or four pheasant-tail fibre tips as a tail about half the shank long. No bead, no hackle collar, no flash. Hook rides point-down: hook point facing DOWN, wing case on top of the shank. Only one fly, hook bend and point clearly visible.",minor,"""Curved nymph hook"" — the standard Pheasant Tail Nymph as published by Orvis and most shops is tied on a straight-shank standard or 2X-long nymph hook. Curved-hook PTs exist but are the minimalist Sawyer-style tie without the peacock thorax and legs the rest of this prompt describes, so the hook and the dressing contradict each other.",high
hares-ear,fly,flies,fal-ai/nano-banana-2,"Ultra-detailed macro product photograph of a single real fly-fishing fly on a seamless pure white background, studio softbox lighting, sharp focus, side profile view, no hands, no text. The fly is a ""Gold Ribbed Hare's Ear"". A 2X-long straight-shank nymph hook, down eye, size 12-16. From the eye back: a small dark thread head; a wing case of dark mottled turkey tail pulled over the top of a fat, shaggy thorax of natural grey-brown hare's-mask dubbing that is picked out so stiff guard hairs stick out to both sides as legs; behind it a slimmer, smoothly tapered hare's-mask abdomen ribbed with evenly spaced turns of gold oval tinsel or fine gold wire; at the bend a short sparse tail of mottled hare's-mask guard hairs about half the shank long. No bead in the classic dressing (a small gold bead at the eye is an optional variant). Hook rides point-down: hook point facing DOWN, wing case on top of the shank. Only one fly, hook bend and point clearly visible.",minor,"""A gold bead head"" is stated as though it were part of the pattern — the Gold Ribbed Hare's Ear is classically beadless (Flylords/TMC 5262 recipe lists no bead and notes split shot is needed without one). A bead-head version is a common modern variant, so the prompt should mark it optional rather than asserting it. | ""a buggy thick dubbed thorax"" is right but the prompt never says the thorax is PICKED OUT — that raked, spiky guard-hair halo is the signature of the fly and doubles as its legs.",high
jig-hares-ear,fly,flies,fal-ai/nano-banana-2,"Ultra-detailed macro product photograph of a single real fly-fishing fly on a seamless pure white background, studio softbox lighting, sharp focus, side profile view, no hands, no text. The fly is a ""Jig Hare's Ear"" Euro nymph. A 60-degree competition jig hook, barbless, size 14, with a large slotted gold tungsten bead seated hard against the bend of the jig eye. From the eye back: the tungsten bead; immediately behind it a bright red hot-spot thread collar; then a fat picked-out thorax of peacock-bronze Ice Dub or shaggy hare's-ear dubbing; then a slimmer tapered hare's-ear dubbed abdomen ribbed with evenly spaced turns of fine gold wire; at the bend a short sparse tail of speckled coq de Leon fibres. There is no wing, no hair wing and no dumbbell eyes on this fly. Because the tungsten bead sits on the bent jig eye above the shank, the fly rides inverted: show the hook point facing UP, the bead and body uppermost at the eye end, and the bare underside of the shank facing down. Only one fly, hook bend and point clearly visible.",wrong,"""A 90-degree jig hook"" — Euro jig nymphs are tied on 60-degree competition jig hooks; 90-degree jig hooks are the older style used for streamers and balanced leeches (Umpqua's own explainer distinguishes the two). A 90-degree bend would give a visibly wrong hook silhouette. | ""The wing/hair and weighted eyes are tied on the SAME side of the shank as the hook point"" — this fly has NO wing, NO hair and NO weighted eyes. This sentence is Clouser/flats-pattern boilerplate pasted into a nymph prompt; it will make the image model add a hair wing and dumbbell eyes that no recipe supports. | That same",high
prince-nymph,fly,flies,fal-ai/nano-banana-2,"Ultra-detailed macro product photograph of a single real fly-fishing fly on a seamless pure white background, studio softbox lighting, sharp focus, side profile view, no hands, no text. The fly is a ""Prince Nymph"". A 2X-long heavy straight-shank nymph hook, down eye, size 12-14, with a gold bead at the eye. From the eye back: the gold bead; a collar of soft brown hen hackle swept back over the body; two stiff white goose biots tied flat on top of the shank, concave side down, splayed apart into a narrow V and reaching back to about the hook bend; beneath and behind them a plump body of dark green-bronze iridescent peacock herl counter-ribbed with evenly spaced turns of gold oval tinsel; at the bend two dark brown goose biots split into a forked V tail. No wing case, no flash, no rubber legs. Hook rides point-down: hook point facing DOWN, biot wings and hackle on top of the shank. Only one fly, hook bend and point clearly visible.",minor,"""Standard nymph hook"" — the published recipe calls for a 2X-long heavy nymph hook; a standard-length hook gives a stubbier fly than the pattern. | ""two brown biot tails forked"" — correct but narrow: sources list brown OR black goose biots for the tail. Worth stating the range. | ""Gold bead head"" is fine for the modern beadhead version but the original Prince Nymph is beadless with a black thread head; the prompt asserts the bead as standard.",high
copper-john,fly,flies,fal-ai/nano-banana-2,"Ultra-detailed macro product photograph of a single real fly-fishing fly on a seamless pure white background, studio softbox lighting, sharp focus, side profile view, no hands, no text. The fly is a ""Copper John"". A 2X-long, 2X-heavy straight-shank nymph hook, down eye, size 14, with a gold bead at the eye. From the eye back: the gold bead; then a wing case made of smooth black synthetic Thin Skin pulled forward over a bushy dark peacock-herl thorax, with two or three strands of pearl Flashabou laid on top of that black Thin Skin and the whole wing case sealed under a thick glossy clear epoxy dome; a clump of speckled brown Hungarian partridge fibres splayed back along each side of the thorax as legs; behind the thorax a slim, hard, brightly polished copper wire abdomen wound in tight touching turns over a tapered underbody; at the bend two dark brown goose biots split into a V tail. Hook rides point-down: hook point facing DOWN, wing case and legs on top of the shank. Only one fly, hook bend and point clearly visible.",wrong,"""an epoxy-coated pheasant-tail wing case"" — the wing case is black Thin Skin, a smooth opaque synthetic sheet, not pheasant tail. Charlie Craven's and Barr's own recipes both specify ""Black Thinskin"". This is the most visible error in the prompt: a pheasant-tail wing case would read as a completely different fly. | ""a strip of pearl flash over a peacock thorax"" — wrong layer order. The pearl Flashabou lies OVER the Thin Skin wing case (Barr: ""Pull the Flashabou over the top of the Thin Skin""), with the epoxy over both. It does not sit directly on the peacock thorax. | ""Standard nymph hook"" — t",high
copper-john-copper,fly-variant,flies,fal-ai/nano-banana-2,"Ultra-detailed macro product photograph of a single real fly-fishing fly on a seamless pure white background, studio softbox lighting, sharp focus, side profile view, no hands, no text. The fly is a ""Copper John"" in the Copper colour variant. A 2X-long, 2X-heavy straight-shank nymph hook, down eye, size 14, with a gold bead at the eye. From the eye back: the gold bead; then a wing case made of smooth black synthetic Thin Skin pulled forward over a bushy dark peacock-herl thorax, with two or three strands of pearl Flashabou laid on top of that black Thin Skin and the whole wing case sealed under a thick glossy clear epoxy dome; a clump of speckled brown Hungarian partridge fibres splayed back along each side of the thorax as legs; behind the thorax a slim, hard, brightly polished copper wire abdomen wound in tight touching turns over a tapered underbody; at the bend two dark brown goose biots split into a V tail. Hook rides point-down: hook point facing DOWN, wing case and legs on top of the shank. Only one fly, hook bend and point clearly visible. COLOURWAY: this is the Copper version — Copper wire body. Keep the construction above exactly as described and change only the colours to match this colourway. (Fished for: Standard)",rebuilt-from-corrected-base,Construction inherited from corrected base `copper-john`.,high
copper-john-red,fly-variant,flies,fal-ai/nano-banana-2,"Ultra-detailed macro product photograph of a single real fly-fishing fly on a seamless pure white background, studio softbox lighting, sharp focus, side profile view, no hands, no text. The fly is a ""Copper John"" in the Red colour variant. A 2X-long, 2X-heavy straight-shank nymph hook, down eye, size 14, with a gold bead at the eye. From the eye back: the gold bead; then a wing case made of smooth black synthetic Thin Skin pulled forward over a bushy dark peacock-herl thorax, with two or three strands of pearl Flashabou laid on top of that black Thin Skin and the whole wing case sealed under a thick glossy clear epoxy dome; a clump of speckled brown Hungarian partridge fibres splayed back along each side of the thorax as legs; behind the thorax a slim, hard, brightly polished copper wire abdomen wound in tight touching turns over a tapered underbody; at the bend two dark brown goose biots split into a V tail. Hook rides point-down: hook point facing DOWN, wing case and legs on top of the shank. Only one fly, hook bend and point clearly visible. COLOURWAY: this is the Red version — Red wire. Keep the construction above exactly as described and change only the colours to match this colourway. (Fished for: Attractor, stained water)",rebuilt-from-corrected-base,Construction inherited from corrected base `copper-john`.,high
copper-john-chartreuse,fly-variant,flies,fal-ai/nano-banana-2,"Ultra-detailed macro product photograph of a single real fly-fishing fly on a seamless pure white background, studio softbox lighting, sharp focus, side profile view, no hands, no text. The fly is a ""Copper John"" in the Chartreuse colour variant. A 2X-long, 2X-heavy straight-shank nymph hook, down eye, size 14, with a gold bead at the eye. From the eye back: the gold bead; then a wing case made of smooth black synthetic Thin Skin pulled forward over a bushy dark peacock-herl thorax, with two or three strands of pearl Flashabou laid on top of that black Thin Skin and the whole wing case sealed under a thick glossy clear epoxy dome; a clump of speckled brown Hungarian partridge fibres splayed back along each side of the thorax as legs; behind the thorax a slim, hard, brightly polished copper wire abdomen wound in tight touching turns over a tapered underbody; at the bend two dark brown goose biots split into a V tail. Hook rides point-down: hook point facing DOWN, wing case and legs on top of the shank. Only one fly, hook bend and point clearly visible. COLOURWAY: this is the Chartreuse version — Chartreuse wire. Keep the construction above exactly as described and change only the colours to match this colourway. (Fished for: Caddis larva, attractor)",rebuilt-from-corrected-base,Construction inherited from corrected base `copper-john`.,high
copper-john-black,fly-variant,flies,fal-ai/nano-banana-2,"Ultra-detailed macro product photograph of a single real fly-fishing fly on a seamless pure white background, studio softbox lighting, sharp focus, side profile view, no hands, no text. The fly is a ""Copper John"" in the Black colour variant. A 2X-long, 2X-heavy straight-shank nymph hook, down eye, size 14, with a gold bead at the eye. From the eye back: the gold bead; then a wing case made of smooth black synthetic Thin Skin pulled forward over a bushy dark peacock-herl thorax, with two or three strands of pearl Flashabou laid on top of that black Thin Skin and the whole wing case sealed under a thick glossy clear epoxy dome; a clump of speckled brown Hungarian partridge fibres splayed back along each side of the thorax as legs; behind the thorax a slim, hard, brightly polished copper wire abdomen wound in tight touching turns over a tapered underbody; at the bend two dark brown goose biots split into a V tail. Hook rides point-down: hook point facing DOWN, wing case and legs on top of the shank. Only one fly, hook bend and point clearly visible. COLOURWAY: this is the Black version — Black wire. Keep the construction above exactly as described and change only the colours to match this colourway. (Fished for: Dark nymphs)",rebuilt-from-corrected-base,Construction inherited from corrected base `copper-john`.,high
zebra-midge,fly,flies,fal-ai/nano-banana-2,"Ultra-detailed macro product photograph of a single real fly-fishing fly on a seamless pure white background, studio softbox lighting, sharp focus, side profile view, no hands, no text. The fly is a ""Zebra Midge"". A tiny curved scud/emerger hook, size 18-20, with a proportionally large polished silver tungsten bead seated at the eye. From the eye back: the silver bead, then an extremely slim, bare, slightly tapered black tying-thread body — no dubbing at all — ribbed from bend to bead with five or six evenly spaced turns of fine bright silver wire, giving a crisp black-and-silver banded look right down around the bend. No tail, no wing, no hackle, no wing case. Hook rides point-down: hook point facing DOWN, bead at the eye on top of the shank. Only one fly, hook bend and point clearly visible.",minor,"Nothing in the prompt is contradicted by the sources; the only weakness is that ""Tiny curved scud hook"" commits to one of two attested hook styles without saying so.",high
zebra-midge-black,fly-variant,flies,fal-ai/nano-banana-2,"Ultra-detailed macro product photograph of a single real fly-fishing fly on a seamless pure white background, studio softbox lighting, sharp focus, side profile view, no hands, no text. The fly is a ""Zebra Midge"" in the Black/Silver colour variant. A tiny curved scud/emerger hook, size 18-20, with a proportionally large polished silver tungsten bead seated at the eye. From the eye back: the silver bead, then an extremely slim, bare, slightly tapered black tying-thread body — no dubbing at all — ribbed from bend to bead with five or six evenly spaced turns of fine bright silver wire, giving a crisp black-and-silver banded look right down around the bend. No tail, no wing, no hackle, no wing case. Hook rides point-down: hook point facing DOWN, bead at the eye on top of the shank. Only one fly, hook bend and point clearly visible. COLOURWAY: this is the Black/Silver version — Black thread, silver wire, silver bead. Keep the construction above exactly as described and change only the colours to match this colourway. (Fished for: Standard)",rebuilt-from-corrected-base,Construction inherited from corrected base `zebra-midge`.,high
zebra-midge-red,fly-variant,flies,fal-ai/nano-banana-2,"Ultra-detailed macro product photograph of a single real fly-fishing fly on a seamless pure white background, studio softbox lighting, sharp focus, side profile view, no hands, no text. The fly is a ""Zebra Midge"" in the Red colour variant. A tiny curved scud/emerger hook, size 18-20, with a proportionally large polished silver tungsten bead seated at the eye. From the eye back: the silver bead, then an extremely slim, bare, slightly tapered black tying-thread body — no dubbing at all — ribbed from bend to bead with five or six evenly spaced turns of fine bright silver wire, giving a crisp black-and-silver banded look right down around the bend. No tail, no wing, no hackle, no wing case. Hook rides point-down: hook point facing DOWN, bead at the eye on top of the shank. Only one fly, hook bend and point clearly visible. COLOURWAY: this is the Red version — Red thread, silver wire. Keep the construction above exactly as described and change only the colours to match this colourway. (Fished for: Bloodworm, tailwaters)",rebuilt-from-corrected-base,Construction inherited from corrected base `zebra-midge`.,high
zebra-midge-olive,fly-variant,flies,fal-ai/nano-banana-2,"Ultra-detailed macro product photograph of a single real fly-fishing fly on a seamless pure white background, studio softbox lighting, sharp focus, side profile view, no hands, no text. The fly is a ""Zebra Midge"" in the Olive colour variant. A tiny curved scud/emerger hook, size 18-20, with a proportionally large polished silver tungsten bead seated at the eye. From the eye back: the silver bead, then an extremely slim, bare, slightly tapered black tying-thread body — no dubbing at all — ribbed from bend to bead with five or six evenly spaced turns of fine bright silver wire, giving a crisp black-and-silver banded look right down around the bend. No tail, no wing, no hackle, no wing case. Hook rides point-down: hook point facing DOWN, bead at the eye on top of the shank. Only one fly, hook bend and point clearly visible. COLOURWAY: this is the Olive version — Olive thread, gold wire. Keep the construction above exactly as described and change only the colours to match this colourway. (Fished for: Spring creeks)",rebuilt-from-corrected-base,Construction inherited from corrected base `zebra-midge`.,high
zebra-midge-purple,fly-variant,flies,fal-ai/nano-banana-2,"Ultra-detailed macro product photograph of a single real fly-fishing fly on a seamless pure white background, studio softbox lighting, sharp focus, side profile view, no hands, no text. The fly is a ""Zebra Midge"" in the Purple colour variant. A tiny curved scud/emerger hook, size 18-20, with a proportionally large polished silver tungsten bead seated at the eye. From the eye back: the silver bead, then an extremely slim, bare, slightly tapered black tying-thread body — no dubbing at all — ribbed from bend to bead with five or six evenly spaced turns of fine bright silver wire, giving a crisp black-and-silver banded look right down around the bend. No tail, no wing, no hackle, no wing case. Hook rides point-down: hook point facing DOWN, bead at the eye on top of the shank. Only one fly, hook bend and point clearly visible. COLOURWAY: this is the Purple version — Purple thread. Keep the construction above exactly as described and change only the colours to match this colourway. (Fished for: Tailwater favorite)",rebuilt-from-corrected-base,Construction inherited from corrected base `zebra-midge`.,high
bloodworm,fly,flies,fal-ai/nano-banana-2,"Ultra-detailed macro product photograph of a single real fly-fishing fly on a seamless pure white background, studio softbox lighting, sharp focus, side profile view, no hands, no text. The fly is a ""Bloodworm Midge Larva"". A curved scud/grub hook, size 14-16, deeply curved shank. From the eye back: a small dark collar of black thread or two turns of dark peacock herl at the head; then a slim, glossy, deep blood-red body of red tying thread or red wire, carried in even turns well down and around the curve of the bend, and segmented by evenly spaced turns of fine contrasting black wire. No wings, no hackle, no wing case, no bead; tail optional and usually absent. Hook rides point-down: hook point facing DOWN, body following the top of the shank. Only one fly, hook bend and point clearly visible.",minor,"""A slim segmented bright red body, no tail, no wings"" — defensible for the plainest larva, but published bloodworm recipes almost always finish with a contrasting dark head or short collar (black thread, peacock herl, or a glass/tungsten bead), which the prompt excludes by implication. | The prompt does not say what creates the segmentation. Sources give three distinct answers — a contrasting wire rib over thread, the red wire itself, or ribbed vernille — and the image model will invent one. | Sources disagree on the tail: Into Fly Fishing's bloodworm has a red marabou tail, Dorsey's Mercury B",medium
pats-rubber-legs,fly,flies,fal-ai/nano-banana-2,"Ultra-detailed macro product photograph of a single real fly-fishing fly on a seamless pure white background, studio softbox lighting, sharp focus, side profile view, no hands, no text. The fly is a ""Pat's Rubber Legs"". A large 3X-long nymph hook, size 6-8, with a lead underbody giving a thick heavy profile. From the eye back: two black rubber antennae swept forward past the eye; a fat body of medium variegated black-and-coffee-brown chenille; three pairs of long black round-rubber legs tied in perpendicular at evenly spaced points along the shank so they stick straight out to both sides and pinch the chenille into visible segments; at the bend two short black rubber tails splayed apart. The legs, tails and antennae are all black or brown rubber, not white. No rib, no wing case, no bead, no hackle. Hook rides point-down: hook point facing DOWN, chenille body on top of the shank. Only one fly, hook bend and point clearly visible.",minor,"The prompt never states the leg colour. Published recipes specify black or brown rubber/Spanflex to match the chenille; left blank, an image model is very likely to draw the white rubber legs of a Girdle Bug, making two flies in this batch look identical. | ""six long rubber legs sticking out to the sides along the body"" is numerically right but does not say they are three PAIRS tied in perpendicular at evenly spaced points — which is what produces the segmented, banded body.",high
pats-rubber-legs-black-brown,fly-variant,flies,fal-ai/nano-banana-2,"Ultra-detailed macro product photograph of a single real fly-fishing fly on a seamless pure white background, studio softbox lighting, sharp focus, side profile view, no hands, no text. The fly is a ""Pat's Rubber Legs"" in the Black/Brown colour variant. A large 3X-long nymph hook, size 6-8, with a lead underbody giving a thick heavy profile. From the eye back: two black rubber antennae swept forward past the eye; a fat body of medium variegated black-and-coffee-brown chenille; three pairs of long black round-rubber legs tied in perpendicular at evenly spaced points along the shank so they stick straight out to both sides and pinch the chenille into visible segments; at the bend two short black rubber tails splayed apart. The legs, tails and antennae are all black or brown rubber, not white. No rib, no wing case, no bead, no hackle. Hook rides point-down: hook point facing DOWN, chenille body on top of the shank. Only one fly, hook bend and point clearly visible. COLOURWAY: this is the Black/Brown version — Black and brown variegated chenille. Keep the construction above exactly as described and change only the colours to match this colourway. (Fished for: Golden stones)",rebuilt-from-corrected-base,Construction inherited from corrected base `pats-rubber-legs`.,high
pats-rubber-legs-black,fly-variant,flies,fal-ai/nano-banana-2,"Ultra-detailed macro product photograph of a single real fly-fishing fly on a seamless pure white background, studio softbox lighting, sharp focus, side profile view, no hands, no text. The fly is a ""Pat's Rubber Legs"" in the Black colour variant. A large 3X-long nymph hook, size 6-8, with a lead underbody giving a thick heavy profile. From the eye back: two black rubber antennae swept forward past the eye; a fat body of medium variegated black-and-coffee-brown chenille; three pairs of long black round-rubber legs tied in perpendicular at evenly spaced points along the shank so they stick straight out to both sides and pinch the chenille into visible segments; at the bend two short black rubber tails splayed apart. The legs, tails and antennae are all black or brown rubber, not white. No rib, no wing case, no bead, no hackle. Hook rides point-down: hook point facing DOWN, chenille body on top of the shank. Only one fly, hook bend and point clearly visible. COLOURWAY: this is the Black version — All black. Keep the construction above exactly as described and change only the colours to match this colourway. (Fished for: Salmonfly nymph)",rebuilt-from-corrected-base,Construction inherited from corrected base `pats-rubber-legs`.,high
pats-rubber-legs-tan-brown,fly-variant,flies,fal-ai/nano-banana-2,"Ultra-detailed macro product photograph of a single real fly-fishing fly on a seamless pure white background, studio softbox lighting, sharp focus, side profile view, no hands, no text. The fly is a ""Pat's Rubber Legs"" in the Tan/Brown (coffee & cream) colour variant. A large 3X-long nymph hook, size 6-8, with a lead underbody giving a thick heavy profile. From the eye back: two black rubber antennae swept forward past the eye; a fat body of medium variegated black-and-coffee-brown chenille; three pairs of long black round-rubber legs tied in perpendicular at evenly spaced points along the shank so they stick straight out to both sides and pinch the chenille into visible segments; at the bend two short black rubber tails splayed apart. The legs, tails and antennae are all black or brown rubber, not white. No rib, no wing case, no bead, no hackle. Hook rides point-down: hook point facing DOWN, chenille body on top of the shank. Only one fly, hook bend and point clearly visible. COLOURWAY: this is the Tan/Brown (coffee & cream) version — Tan and brown. Keep the construction above exactly as described and change only the colours to match this colourway. (Fished for: Golden stone, clear water)",rebuilt-from-corrected-base,Construction inherited from corrected base `pats-rubber-legs`.,high
girdle-bug,fly,flies,fal-ai/nano-banana-2,"Ultra-detailed macro product photograph of a single real fly-fishing fly on a seamless pure white background, studio softbox lighting, sharp focus, side profile view, no hands, no text. The fly is a ""Girdle Bug"". A long-shank streamer/nymph hook, 3X long, size 8, with a lead underbody giving a thick heavy profile. From the eye back: two white round-rubber antennae swept forward past the eye; a fat body of plain black chenille; three pairs of long white round-rubber legs tied in perpendicular at evenly spaced points along the shank so they stand straight out to both sides and pinch the chenille into visible segments; at the bend two white rubber tails splayed into a fork. Plain black chenille, white rubber throughout — no variegated chenille, no rib, no wing case, no bead, no hackle. Hook rides point-down: hook point facing DOWN, chenille body on top of the shank. Only one fly, hook bend and point clearly visible.",minor,"""pairs of white rubber legs sticking out to the sides"" — correct materially, but the count is unstated; published recipes give three pairs of legs along the shank plus the tail and antennae pairs. Unstated, the model may draw two pairs or a dozen.",medium
kaufmann-stone,fly,flies,fal-ai/nano-banana-2,"Ultra-detailed macro product photograph of a single real fly-fishing fly on a seamless pure white background, studio softbox lighting, sharp focus, side profile view, no hands, no text. The fly is a ""Kaufmann's Stone"". Heavy 3X-long curved stonefly nymph hook, size 6, with a thick lead-wire underbody giving a fat humped profile. From the eye back: two black goose-biot antennae splayed forward past the hook eye, a small dark dubbed head, then three overlapping mottled turkey-tail wing pads stacked one behind the other over a shaggy black-brown Angora-goat thorax with coarse guard hairs picked out to both sides as legs, then a thicker abdomen of the same shaggy dark dubbing segmented by a glossy clear-amber vinyl rib, ending at the bend in two black goose-biot tails splayed in a V. Hook rides point-DOWN: hook point facing DOWN, all materials on top of the shank. Only one fly, hook bend and point clearly visible.",minor,"""Long-shank nymph hook"" is under-specified - the published recipes call for a heavy 3X-6X long stonefly hook with a fat lead-wire underbody, which gives the fly its thick, humped profile; a plain long-shank hook with no bulk will render too slim.",high
perdigon,fly,flies,fal-ai/nano-banana-2,"Ultra-detailed macro product photograph of a single real fly-fishing fly on a seamless pure white background, studio softbox lighting, sharp focus, side profile view, no hands, no text. The fly is a ""Perdigon"". Small barbless jig hook, size 16, with a slotted gold tungsten bead at the eye. From the eye back: the tungsten bead, then a narrow bright fluorescent-orange thread hot-spot collar immediately behind the bead, a small black wing-case dot painted on top of the thorax, then a very slim glossy body of dark thread and tinsel ribbed with fine silver wire and completely encased in smooth clear UV resin so it looks lacquered, tapering to a short sparse tail of speckled coq-de-Leon fibres at the bend. No wing, no hackle, no legs, no dumbbell eyes. The slotted tungsten bead and jig eye turn the hook over, so the fly rides INVERTED: shown with the hook point facing UP and the bare underside of the shank facing down. Only one fly, hook bend and point clearly visible.",wrong,"""a black hot spot behind the bead"" - the hot spot is the opposite of black. Every source gives a bright fluorescent collar: fluorescent orange thread (Tactical Fly Fisher), fluorescent pink (Fly Fish Food), fire-orange thread (Craven). The BLACK element on a Perdigon is a separate wing-case DOT on top of the thorax, not the collar. | ""The wing/hair and weighted eyes are tied on the SAME side of the shank as the hook point"" - a Perdigon has no wing, no hair and no weighted eyes. This is boilerplate from a Clouser-type pattern and will make an image model draw dumbbell eyes and a bucktail wing o",high
perdigon-olive,fly-variant,flies,fal-ai/nano-banana-2,"Ultra-detailed macro product photograph of a single real fly-fishing fly on a seamless pure white background, studio softbox lighting, sharp focus, side profile view, no hands, no text. The fly is a ""Perdigon"" in the Olive colour variant. Small barbless jig hook, size 16, with a slotted gold tungsten bead at the eye. From the eye back: the tungsten bead, then a narrow bright fluorescent-orange thread hot-spot collar immediately behind the bead, a small black wing-case dot painted on top of the thorax, then a very slim glossy body of dark thread and tinsel ribbed with fine silver wire and completely encased in smooth clear UV resin so it looks lacquered, tapering to a short sparse tail of speckled coq-de-Leon fibres at the bend. No wing, no hackle, no legs, no dumbbell eyes. The slotted tungsten bead and jig eye turn the hook over, so the fly rides INVERTED: shown with the hook point facing UP and the bare underside of the shank facing down. Only one fly, hook bend and point clearly visible. COLOURWAY: this is the Olive version — Olive quill body, black bead. Keep the construction above exactly as described and change only the colours to match this colourway. (Fished for: BWO nymphs)",rebuilt-from-corrected-base,Construction inherited from corrected base `perdigon`.,high
perdigon-black,fly-variant,flies,fal-ai/nano-banana-2,"Ultra-detailed macro product photograph of a single real fly-fishing fly on a seamless pure white background, studio softbox lighting, sharp focus, side profile view, no hands, no text. The fly is a ""Perdigon"" in the Black/Pink colour variant. Small barbless jig hook, size 16, with a slotted gold tungsten bead at the eye. From the eye back: the tungsten bead, then a narrow bright fluorescent-orange thread hot-spot collar immediately behind the bead, a small black wing-case dot painted on top of the thorax, then a very slim glossy body of dark thread and tinsel ribbed with fine silver wire and completely encased in smooth clear UV resin so it looks lacquered, tapering to a short sparse tail of speckled coq-de-Leon fibres at the bend. No wing, no hackle, no legs, no dumbbell eyes. The slotted tungsten bead and jig eye turn the hook over, so the fly rides INVERTED: shown with the hook point facing UP and the bare underside of the shank facing down. Only one fly, hook bend and point clearly visible. COLOURWAY: this is the Black/Pink version — Black body, pink hot spot. Keep the construction above exactly as described and change only the colours to match this colourway. (Fished for: Attractor point fly)",rebuilt-from-corrected-base,Construction inherited from corrected base `perdigon`.,high
perdigon-brown,fly-variant,flies,fal-ai/nano-banana-2,"Ultra-detailed macro product photograph of a single real fly-fishing fly on a seamless pure white background, studio softbox lighting, sharp focus, side profile view, no hands, no text. The fly is a ""Perdigon"" in the Brown colour variant. Small barbless jig hook, size 16, with a slotted gold tungsten bead at the eye. From the eye back: the tungsten bead, then a narrow bright fluorescent-orange thread hot-spot collar immediately behind the bead, a small black wing-case dot painted on top of the thorax, then a very slim glossy body of dark thread and tinsel ribbed with fine silver wire and completely encased in smooth clear UV resin so it looks lacquered, tapering to a short sparse tail of speckled coq-de-Leon fibres at the bend. No wing, no hackle, no legs, no dumbbell eyes. The slotted tungsten bead and jig eye turn the hook over, so the fly rides INVERTED: shown with the hook point facing UP and the bare underside of the shank facing down. Only one fly, hook bend and point clearly visible. COLOURWAY: this is the Brown version — Brown quill body. Keep the construction above exactly as described and change only the colours to match this colourway. (Fished for: PMD, sulphur nymphs)",rebuilt-from-corrected-base,Construction inherited from corrected base `perdigon`.,high
frenchie,fly,flies,fal-ai/nano-banana-2,"Ultra-detailed macro product photograph of a single real fly-fishing fly on a seamless pure white background, studio softbox lighting, sharp focus, side profile view, no hands, no text. The fly is a ""Frenchie"". Barbless jig hook, size 14, with a gold slotted tungsten bead at the eye and red tying thread showing at the head. From the eye back: the gold bead, then a narrow bright UV-pink dubbing hot-spot collar packed directly behind the bead, then a slim brown-grey abdomen of wrapped ringneck pheasant-tail fibres covering the rear two-thirds of the shank and ribbed with fine copper wire in open even turns, ending in a short sparse tail of speckled coq-de-Leon fibres at the bend. No wing, no hackle, no legs, no dumbbell eyes. The slotted tungsten bead and jig eye turn the hook over, so the fly rides INVERTED: shown with the hook point facing UP and the bare underside of the shank facing down. Only one fly, hook bend and point clearly visible.",minor,"""The wing/hair and weighted eyes are tied on the SAME side of the shank as the hook point"" - the Frenchie has no wing, no hair and no weighted eyes; this Clouser boilerplate will make the image model add dumbbell eyes and a hair wing. | The orientation paragraph is duplicated verbatim, doubling the weight of the wrong instruction. | The prompt never actually says which colour the bead is - sources give gold as standard.",high
frenchie-pink,fly-variant,flies,fal-ai/nano-banana-2,"Ultra-detailed macro product photograph of a single real fly-fishing fly on a seamless pure white background, studio softbox lighting, sharp focus, side profile view, no hands, no text. The fly is a ""Frenchie"" in the Pink collar colour variant. Barbless jig hook, size 14, with a gold slotted tungsten bead at the eye and red tying thread showing at the head. From the eye back: the gold bead, then a narrow bright UV-pink dubbing hot-spot collar packed directly behind the bead, then a slim brown-grey abdomen of wrapped ringneck pheasant-tail fibres covering the rear two-thirds of the shank and ribbed with fine copper wire in open even turns, ending in a short sparse tail of speckled coq-de-Leon fibres at the bend. No wing, no hackle, no legs, no dumbbell eyes. The slotted tungsten bead and jig eye turn the hook over, so the fly rides INVERTED: shown with the hook point facing UP and the bare underside of the shank facing down. Only one fly, hook bend and point clearly visible. COLOURWAY: this is the Pink collar version — Pheasant tail, pink dubbing collar. Keep the construction above exactly as described and change only the colours to match this colourway. (Fished for: Standard)",rebuilt-from-corrected-base,Construction inherited from corrected base `frenchie`.,high
frenchie-orange,fly-variant,flies,fal-ai/nano-banana-2,"Ultra-detailed macro product photograph of a single real fly-fishing fly on a seamless pure white background, studio softbox lighting, sharp focus, side profile view, no hands, no text. The fly is a ""Frenchie"" in the Orange collar colour variant. Barbless jig hook, size 14, with a gold slotted tungsten bead at the eye and red tying thread showing at the head. From the eye back: the gold bead, then a narrow bright UV-pink dubbing hot-spot collar packed directly behind the bead, then a slim brown-grey abdomen of wrapped ringneck pheasant-tail fibres covering the rear two-thirds of the shank and ribbed with fine copper wire in open even turns, ending in a short sparse tail of speckled coq-de-Leon fibres at the bend. No wing, no hackle, no legs, no dumbbell eyes. The slotted tungsten bead and jig eye turn the hook over, so the fly rides INVERTED: shown with the hook point facing UP and the bare underside of the shank facing down. Only one fly, hook bend and point clearly visible. COLOURWAY: this is the Orange collar version — Pheasant tail, hot orange collar. Keep the construction above exactly as described and change only the colours to match this colourway. (Fished for: Stained water)",rebuilt-from-corrected-base,Construction inherited from corrected base `frenchie`.,high
frenchie-chartreuse,fly-variant,flies,fal-ai/nano-banana-2,"Ultra-detailed macro product photograph of a single real fly-fishing fly on a seamless pure white background, studio softbox lighting, sharp focus, side profile view, no hands, no text. The fly is a ""Frenchie"" in the Chartreuse collar colour variant. Barbless jig hook, size 14, with a gold slotted tungsten bead at the eye and red tying thread showing at the head. From the eye back: the gold bead, then a narrow bright UV-pink dubbing hot-spot collar packed directly behind the bead, then a slim brown-grey abdomen of wrapped ringneck pheasant-tail fibres covering the rear two-thirds of the shank and ribbed with fine copper wire in open even turns, ending in a short sparse tail of speckled coq-de-Leon fibres at the bend. No wing, no hackle, no legs, no dumbbell eyes. The slotted tungsten bead and jig eye turn the hook over, so the fly rides INVERTED: shown with the hook point facing UP and the bare underside of the shank facing down. Only one fly, hook bend and point clearly visible. COLOURWAY: this is the Chartreuse collar version — Pheasant tail, chartreuse collar. Keep the construction above exactly as described and change only the colours to match this colourway. (Fished for: Winter, stocked fish)",rebuilt-from-corrected-base,Construction inherited from corrected base `frenchie`.,high
walts-worm,fly,flies,fal-ai/nano-banana-2,"Ultra-detailed macro product photograph of a single real fly-fishing fly on a seamless pure white background, studio softbox lighting, sharp focus, side profile view, no hands, no text. The fly is a ""Walt's Worm"". Barbless jig hook, size 14, with a gold slotted tungsten bead at the eye. From the eye back: the tungsten bead, then one single material - a fat, evenly tapered, deliberately shaggy body of natural tan-brown hare's-ear dubbing filling the whole shank to the bend, with coarse guard hairs picked out all round so the outline is fuzzy and spiky. Absolutely no tail, no rib, no wing, no hackle, no legs, no dumbbell eyes - dubbing on a bare hook and nothing else. The slotted tungsten bead and jig eye turn the hook over, so the fly rides INVERTED: shown with the hook point facing UP and the bare underside of the shank facing down. Only one fly, hook bend and point clearly visible.",minor,"""The wing/hair and weighted eyes are tied on the SAME side of the shank as the hook point"" - Walt's Worm is literally dubbing on a hook; it has no wing, no hair and no weighted eyes. This boilerplate invites the model to draw a Clouser. | The orientation paragraph is duplicated verbatim. | The prompt presents the jig/bead form as the pattern without qualification - sources are clear the original Walt Young pattern predates beads and was tied on a plain nymph hook with a lead underbody.",high
green-rockworm,fly,flies,fal-ai/nano-banana-2,"Ultra-detailed macro product photograph of a single real fly-fishing fly on a seamless pure white background, studio softbox lighting, sharp focus, side profile view, no hands, no text. The fly is a ""Green Rock Worm"", a Rhyacophila caddis larva. Curved caddis-larva hook, size 14, with a small copper bead at the eye. From the eye back: the bead, then a short distinctly dark brown-black dubbed thorax and head with a few dark fibres picked out on each side as legs, then a fat bright insect-green dubbed abdomen filling the rest of the shank and curving round the bend, segmented by evenly spaced fine gold wire ribs, tapering at the tail end. No tail, no wing, no hackle. Hook rides point-DOWN: hook point facing DOWN, materials on top of the shank, the green body following the hook curve into a C-shaped grub. Only one fly, hook bend and point clearly visible.",minor,"Nothing materially wrong, but ""a small dark thorax"" understates it - sources call the contrasting dark thorax and the fat segmented body ""the defining features of the Rock Worm"", so it should be explicitly dark brown/black and clearly contrasting. | ""Small bead"" is presented as standard; sources state the basic pattern has no bead (""beaded worms are not uncommon"" is the qualifier), so it should be flagged as the beadhead variant rather than the definition.",medium
scud-fly,fly,flies,fal-ai/nano-banana-2,"Ultra-detailed macro product photograph of a single real fly-fishing fly on a seamless pure white background, studio softbox lighting, sharp focus, side profile view, no hands, no text. The fly is a ""Scud"", a freshwater shrimp imitation. Curved scud hook, size 14. From the eye back: a few short speckled mallard-flank fibres poking forward past the eye as antennae, then a fat humped body of smoky-olive scud dubbing filling the curve of the shank, with a translucent shellback strip pulled tight over the top and strapped down by six or seven evenly spaced fine ribs of mono or wire that segment the back into distinct plates, coarse dubbing fibres picked out along the underside as legs, ending in a short tuft of the same speckled fibres as a tail at the bend. Hook rides point-DOWN: hook point facing DOWN, shellback and materials on top of the shank, legs hanging below, the whole fly a short fat C-shaped shrimp. Only one fly, hook bend and point clearly visible.",minor,"Nothing substantively wrong. One imprecision: the prompt says only ""ribbed with wire"" - Charlie Craven's recipe ribs with 6X mono, others use fine wire; both are published, so wire alone is an over-narrow claim rather than an error. | ""Olive"" is given as the colour without range; sources give smoky olive, tan, grey, orange and pink as equally standard, and the natural varies by water.",high
scud-fly-olive,fly-variant,flies,fal-ai/nano-banana-2,"Ultra-detailed macro product photograph of a single real fly-fishing fly on a seamless pure white background, studio softbox lighting, sharp focus, side profile view, no hands, no text. The fly is a ""Scud"", a freshwater shrimp imitation. Curved scud hook, size 14. From the eye back: a few short speckled mallard-flank fibres poking forward past the eye as antennae, then a fat humped body of smoky-olive scud dubbing filling the curve of the shank, with a translucent shellback strip pulled tight over the top and strapped down by six or seven evenly spaced fine ribs of mono or wire that segment the back into distinct plates, coarse dubbing fibres picked out along the underside as legs, ending in a short tuft of the same speckled fibres as a tail at the bend. Hook rides point-DOWN: hook point facing DOWN, shellback and materials on top of the shank, legs hanging below, the whole fly a short fat C-shaped shrimp. Only one fly, hook bend and point clearly visible. COLOURWAY: this is the Olive version — Olive dubbing. Keep the construction above exactly as described and change only the colours to match this colourway. (Fished for: Standard)",rebuilt-from-corrected-base,Construction inherited from corrected base `scud-fly`.,high
scud-fly-tan,fly-variant,flies,fal-ai/nano-banana-2,"Ultra-detailed macro product photograph of a single real fly-fishing fly on a seamless pure white background, studio softbox lighting, sharp focus, side profile view, no hands, no text. The fly is a ""Scud"", a freshwater shrimp imitation. Curved scud hook, size 14. From the eye back: a few short speckled mallard-flank fibres poking forward past the eye as antennae, then a fat humped body of smoky-olive scud dubbing filling the curve of the shank, with a translucent shellback strip pulled tight over the top and strapped down by six or seven evenly spaced fine ribs of mono or wire that segment the back into distinct plates, coarse dubbing fibres picked out along the underside as legs, ending in a short tuft of the same speckled fibres as a tail at the bend. Hook rides point-DOWN: hook point facing DOWN, shellback and materials on top of the shank, legs hanging below, the whole fly a short fat C-shaped shrimp. Only one fly, hook bend and point clearly visible. COLOURWAY: this is the Tan version — Tan dubbing. Keep the construction above exactly as described and change only the colours to match this colourway. (Fished for: Sand-bottom tailwaters)",rebuilt-from-corrected-base,Construction inherited from corrected base `scud-fly`.,high
scud-fly-orange,fly-variant,flies,fal-ai/nano-banana-2,"Ultra-detailed macro product photograph of a single real fly-fishing fly on a seamless pure white background, studio softbox lighting, sharp focus, side profile view, no hands, no text. The fly is a ""Scud"", a freshwater shrimp imitation. Curved scud hook, size 14. From the eye back: a few short speckled mallard-flank fibres poking forward past the eye as antennae, then a fat humped body of smoky-olive scud dubbing filling the curve of the shank, with a translucent shellback strip pulled tight over the top and strapped down by six or seven evenly spaced fine ribs of mono or wire that segment the back into distinct plates, coarse dubbing fibres picked out along the underside as legs, ending in a short tuft of the same speckled fibres as a tail at the bend. Hook rides point-DOWN: hook point facing DOWN, shellback and materials on top of the shank, legs hanging below, the whole fly a short fat C-shaped shrimp. Only one fly, hook bend and point clearly visible. COLOURWAY: this is the Orange version — Orange dubbing. Keep the construction above exactly as described and change only the colours to match this colourway. (Fished for: Dead/molting scuds, winter)",rebuilt-from-corrected-base,Construction inherited from corrected base `scud-fly`.,high
sowbug,fly,flies,fal-ai/nano-banana-2,"Ultra-detailed macro product photograph of a single real fly-fishing fly on a seamless pure white background, studio softbox lighting, sharp focus, side profile view, no hands, no text. The fly is a ""Sowbug"". Straight-shank standard nymph hook, size 16, red thread showing at the head. From the eye back: a flat, wide, low grey dubbed body filling the whole shank - broader than it is deep, flattened rather than humped - with a shellback of pearl tinsel or thin plastic pulled over the top and strapped down by fine evenly spaced wire ribs that segment it into plates, and coarse grey fibres picked out along both sides for the full length of the body as legs. No tail, no wing, no hackle. Hook rides point-DOWN: hook point facing DOWN, shellback on top of the shank, legs to the sides. Only one fly, hook bend and point clearly visible.",minor,"Nothing clearly wrong. ""Straight nymph hook"" matches the Ray Charles (TMC 3769) but many published sowbugs use a curved scud hook - our prompt states one option as if it were the only one.",medium
san-juan-worm,fly,flies,fal-ai/nano-banana-2,"Ultra-detailed macro product photograph of a single real fly-fishing fly on a seamless pure white background, studio softbox lighting, sharp focus, side profile view, no hands, no text. The fly is a ""San Juan Worm"". Short curved scud hook, size 12, bare shiny bronze shank. The entire fly is one single limp strand of bright red Ultra Chenille lashed across the middle of the shank by a small neat band of red tying thread, the two free ends left long and hanging loose - one projecting forward past the hook eye, one projecting back past the bend - each end tapering to a fine melted point where it has been singed with a flame. No bead anywhere on the fly, no tail, no wing, no hackle, no dubbing; most of the hook shank is bare metal. Hook rides point-DOWN: hook point facing DOWN, the chenille lashed on top of the shank. Only one fly, hook bend and point clearly visible.",wrong,"""small bead in the middle"" - flatly wrong and invented. Charlie Craven's step-by-step states ""no bead is used in this standard pattern"". What sits in the middle of the shank is a band of THREAD holding the chenille down. A beadhead San Juan Worm exists, but the bead goes at the EYE, never in the middle. | ""tapered ends"" without saying how - the taper comes from singeing the cut ends of the chenille with a flame; without that the model will draw blunt-cut chenille.",high
san-juan-worm-red,fly-variant,flies,fal-ai/nano-banana-2,"Ultra-detailed macro product photograph of a single real fly-fishing fly on a seamless pure white background, studio softbox lighting, sharp focus, side profile view, no hands, no text. The fly is a ""San Juan Worm"" in the Red colour variant. Short curved scud hook, size 12, bare shiny bronze shank. The entire fly is one single limp strand of bright red Ultra Chenille lashed across the middle of the shank by a small neat band of red tying thread, the two free ends left long and hanging loose - one projecting forward past the hook eye, one projecting back past the bend - each end tapering to a fine melted point where it has been singed with a flame. No bead anywhere on the fly, no tail, no wing, no hackle, no dubbing; most of the hook shank is bare metal. Hook rides point-DOWN: hook point facing DOWN, the chenille lashed on top of the shank. Only one fly, hook bend and point clearly visible. COLOURWAY: this is the Red version — Red chenille. Keep the construction above exactly as described and change only the colours to match this colourway. (Fished for: Standard)",rebuilt-from-corrected-base,Construction inherited from corrected base `san-juan-worm`.,high
san-juan-worm-pink,fly-variant,flies,fal-ai/nano-banana-2,"Ultra-detailed macro product photograph of a single real fly-fishing fly on a seamless pure white background, studio softbox lighting, sharp focus, side profile view, no hands, no text. The fly is a ""San Juan Worm"" in the Pink colour variant. Short curved scud hook, size 12, bare shiny bronze shank. The entire fly is one single limp strand of bright red Ultra Chenille lashed across the middle of the shank by a small neat band of red tying thread, the two free ends left long and hanging loose - one projecting forward past the hook eye, one projecting back past the bend - each end tapering to a fine melted point where it has been singed with a flame. No bead anywhere on the fly, no tail, no wing, no hackle, no dubbing; most of the hook shank is bare metal. Hook rides point-DOWN: hook point facing DOWN, the chenille lashed on top of the shank. Only one fly, hook bend and point clearly visible. COLOURWAY: this is the Pink version — Pink squirmy. Keep the construction above exactly as described and change only the colours to match this colourway. (Fished for: Stocked and high water)",rebuilt-from-corrected-base,Construction inherited from corrected base `san-juan-worm`.,high
san-juan-worm-purple,fly-variant,flies,fal-ai/nano-banana-2,"Ultra-detailed macro product photograph of a single real fly-fishing fly on a seamless pure white background, studio softbox lighting, sharp focus, side profile view, no hands, no text. The fly is a ""San Juan Worm"" in the Purple colour variant. Short curved scud hook, size 12, bare shiny bronze shank. The entire fly is one single limp strand of bright red Ultra Chenille lashed across the middle of the shank by a small neat band of red tying thread, the two free ends left long and hanging loose - one projecting forward past the hook eye, one projecting back past the bend - each end tapering to a fine melted point where it has been singed with a flame. No bead anywhere on the fly, no tail, no wing, no hackle, no dubbing; most of the hook shank is bare metal. Hook rides point-DOWN: hook point facing DOWN, the chenille lashed on top of the shank. Only one fly, hook bend and point clearly visible. COLOURWAY: this is the Purple version — Purple chenille. Keep the construction above exactly as described and change only the colours to match this colourway. (Fished for: Tailwaters)",rebuilt-from-corrected-base,Construction inherited from corrected base `san-juan-worm`.,high
egg-pattern,fly,flies,fal-ai/nano-banana-2,"Ultra-detailed macro product photograph of a single real fly-fishing fly on a seamless pure white background, studio softbox lighting, sharp focus, side profile view, no hands, no text. The fly is an ""Egg (Glo Bug)"". Short-shank wide-gape egg hook, size 12, almost entirely hidden by the fly. The whole fly is a single fluffy sphere of bright fluorescent orange egg yarn, bound at one point on the shank and trimmed and fluffed into a fuzzy round ball about the width of the hook gape, with a small contrasting pale-yellow nucleus spot showing on one side of the ball. The ball ends just behind the hook eye and just reaches the hook point. No tail, no wings, no hackle, no bead, no dubbing. Hook rides point-DOWN: hook point facing DOWN and clearly protruding below the yarn ball. Only one fly, hook bend and point clearly visible.",minor,"""A single round ball of orange yarn"" - the classic Glo Bug is two-tone: a contrasting nucleus or ""yolk"" spot of a second colour showing on the ball. A plain one-colour egg is a legitimate simpler version, but the named Glo Bug/nuke-egg style has the spot. | ""covering the shank"" understates the proportion - the ball is tied at one point and should be about the size of the hook gape, sitting just behind the eye with the hook point clearly emerging below it.",high
egg-pattern-orange,fly-variant,flies,fal-ai/nano-banana-2,"Ultra-detailed macro product photograph of a single real fly-fishing fly on a seamless pure white background, studio softbox lighting, sharp focus, side profile view, no hands, no text. The fly is an ""Egg (Glo Bug)"" in the Orange colour variant. Short-shank wide-gape egg hook, size 12, almost entirely hidden by the fly. The whole fly is a single fluffy sphere of bright fluorescent orange egg yarn, bound at one point on the shank and trimmed and fluffed into a fuzzy round ball about the width of the hook gape, with a small contrasting pale-yellow nucleus spot showing on one side of the ball. The ball ends just behind the hook eye and just reaches the hook point. No tail, no wings, no hackle, no bead, no dubbing. Hook rides point-DOWN: hook point facing DOWN and clearly protruding below the yarn ball. Only one fly, hook bend and point clearly visible. COLOURWAY: this is the Orange version — Orange yarn. Keep the construction above exactly as described and change only the colours to match this colourway. (Fished for: Standard)",rebuilt-from-corrected-base,Construction inherited from corrected base `egg-pattern`.,high
egg-pattern-pink,fly-variant,flies,fal-ai/nano-banana-2,"Ultra-detailed macro product photograph of a single real fly-fishing fly on a seamless pure white background, studio softbox lighting, sharp focus, side profile view, no hands, no text. The fly is an ""Egg (Glo Bug)"" in the Pink (shrimp) colour variant. Short-shank wide-gape egg hook, size 12, almost entirely hidden by the fly. The whole fly is a single fluffy sphere of bright fluorescent orange egg yarn, bound at one point on the shank and trimmed and fluffed into a fuzzy round ball about the width of the hook gape, with a small contrasting pale-yellow nucleus spot showing on one side of the ball. The ball ends just behind the hook eye and just reaches the hook point. No tail, no wings, no hackle, no bead, no dubbing. Hook rides point-DOWN: hook point facing DOWN and clearly protruding below the yarn ball. Only one fly, hook bend and point clearly visible. COLOURWAY: this is the Pink (shrimp) version — Pale pink. Keep the construction above exactly as described and change only the colours to match this colourway. (Fished for: Clear water)",rebuilt-from-corrected-base,Construction inherited from corrected base `egg-pattern`.,high
egg-pattern-chartreuse,fly-variant,flies,fal-ai/nano-banana-2,"Ultra-detailed macro product photograph of a single real fly-fishing fly on a seamless pure white background, studio softbox lighting, sharp focus, side profile view, no hands, no text. The fly is an ""Egg (Glo Bug)"" in the Chartreuse colour variant. Short-shank wide-gape egg hook, size 12, almost entirely hidden by the fly. The whole fly is a single fluffy sphere of bright fluorescent orange egg yarn, bound at one point on the shank and trimmed and fluffed into a fuzzy round ball about the width of the hook gape, with a small contrasting pale-yellow nucleus spot showing on one side of the ball. The ball ends just behind the hook eye and just reaches the hook point. No tail, no wings, no hackle, no bead, no dubbing. Hook rides point-DOWN: hook point facing DOWN and clearly protruding below the yarn ball. Only one fly, hook bend and point clearly visible. COLOURWAY: this is the Chartreuse version — Chartreuse yarn. Keep the construction above exactly as described and change only the colours to match this colourway. (Fished for: Stained water, steelhead)",rebuilt-from-corrected-base,Construction inherited from corrected base `egg-pattern`.,high
woolly-bugger,fly,flies,fal-ai/nano-banana-2,"Ultra-detailed macro product photograph of a single real fly-fishing fly on a seamless pure white background, studio softbox lighting, sharp focus, side profile view, no hands, no text. The fly is a ""Woolly Bugger"". 4X-long streamer hook, size 8. From the eye back: a small neat black thread head, then a fat fuzzy black chenille body filling the whole shank with a webby black saddle hackle palmered over it in open, evenly spaced turns so the soft fibres stand out well beyond the body and sweep back, and a long soft black marabou tail off the bend about one hook-shank long, tapering and wispy. No flash, no legs, no wing case. Hook rides point-DOWN: hook point facing DOWN, materials on top of the shank. Only one fly, hook bend and point clearly visible.",minor,"""a few strands of flash in the tail"" - not in the original or in the standard dressing; adding flash makes it a Crystal Bugger / Flash-a-Bugger. Fine as a variant, but our prompt asserts it as part of the fly. | The prompt gives an all-black fly as THE Woolly Bugger. Blessing's son describes the original as ""olive chenille body, black hackle and marabou tail"". Black, olive and brown are all standard; presenting only black is narrower than the sources. | ""palmered along its full length"" is right, but the prompt does not say the hackle is wound in OPEN, evenly spaced turns with the fibres splaye",high
woolly-bugger-black,fly-variant,flies,fal-ai/nano-banana-2,"Ultra-detailed macro product photograph of a single real fly-fishing fly on a seamless pure white background, studio softbox lighting, sharp focus, side profile view, no hands, no text. The fly is a ""Woolly Bugger"" in the Black colour variant. 4X-long streamer hook, size 8. From the eye back: a small neat black thread head, then a fat fuzzy black chenille body filling the whole shank with a webby black saddle hackle palmered over it in open, evenly spaced turns so the soft fibres stand out well beyond the body and sweep back, and a long soft black marabou tail off the bend about one hook-shank long, tapering and wispy. No flash, no legs, no wing case. Hook rides point-DOWN: hook point facing DOWN, materials on top of the shank. Only one fly, hook bend and point clearly visible. COLOURWAY: this is the Black version — Black marabou, black chenille, black hackle. Keep the construction above exactly as described and change only the colours to match this colourway. (Fished for: Default; dirty water, low light)",rebuilt-from-corrected-base,Construction inherited from corrected base `woolly-bugger`.,high
woolly-bugger-olive,fly-variant,flies,fal-ai/nano-banana-2,"Ultra-detailed macro product photograph of a single real fly-fishing fly on a seamless pure white background, studio softbox lighting, sharp focus, side profile view, no hands, no text. The fly is a ""Woolly Bugger"" in the Olive colour variant. 4X-long streamer hook, size 8. From the eye back: a small neat black thread head, then a fat fuzzy black chenille body filling the whole shank with a webby black saddle hackle palmered over it in open, evenly spaced turns so the soft fibres stand out well beyond the body and sweep back, and a long soft black marabou tail off the bend about one hook-shank long, tapering and wispy. No flash, no legs, no wing case. Hook rides point-DOWN: hook point facing DOWN, materials on top of the shank. Only one fly, hook bend and point clearly visible. COLOURWAY: this is the Olive version — Olive marabou and chenille, grizzly-olive hackle. Keep the construction above exactly as described and change only the colours to match this colourway. (Fished for: Clear water, sculpin/leech look)",rebuilt-from-corrected-base,Construction inherited from corrected base `woolly-bugger`.,high
woolly-bugger-brown,fly-variant,flies,fal-ai/nano-banana-2,"Ultra-detailed macro product photograph of a single real fly-fishing fly on a seamless pure white background, studio softbox lighting, sharp focus, side profile view, no hands, no text. The fly is a ""Woolly Bugger"" in the Brown colour variant. 4X-long streamer hook, size 8. From the eye back: a small neat black thread head, then a fat fuzzy black chenille body filling the whole shank with a webby black saddle hackle palmered over it in open, evenly spaced turns so the soft fibres stand out well beyond the body and sweep back, and a long soft black marabou tail off the bend about one hook-shank long, tapering and wispy. No flash, no legs, no wing case. Hook rides point-DOWN: hook point facing DOWN, materials on top of the shank. Only one fly, hook bend and point clearly visible. COLOURWAY: this is the Brown version — Brown marabou, brown chenille. Keep the construction above exactly as described and change only the colours to match this colourway. (Fished for: Crayfish waters)",rebuilt-from-corrected-base,Construction inherited from corrected base `woolly-bugger`.,high
woolly-bugger-white,fly-variant,flies,fal-ai/nano-banana-2,"Ultra-detailed macro product photograph of a single real fly-fishing fly on a seamless pure white background, studio softbox lighting, sharp focus, side profile view, no hands, no text. The fly is a ""Woolly Bugger"" in the White colour variant. 4X-long streamer hook, size 8. From the eye back: a small neat black thread head, then a fat fuzzy black chenille body filling the whole shank with a webby black saddle hackle palmered over it in open, evenly spaced turns so the soft fibres stand out well beyond the body and sweep back, and a long soft black marabou tail off the bend about one hook-shank long, tapering and wispy. No flash, no legs, no wing case. Hook rides point-DOWN: hook point facing DOWN, materials on top of the shank. Only one fly, hook bend and point clearly visible. COLOURWAY: this is the White version — White marabou and chenille, flash. Keep the construction above exactly as described and change only the colours to match this colourway. (Fished for: Baitfish, stillwater)",rebuilt-from-corrected-base,Construction inherited from corrected base `woolly-bugger`.,high
zonker,fly,flies,fal-ai/nano-banana-2,"Ultra-detailed macro product photograph of a single real fly-fishing fly on a seamless pure white background, studio softbox lighting, sharp focus, side profile view, no hands, no text. The fly is a ""Zonker"". 3X-long streamer hook, size 4. From the eye back: a red thread head with a small stick-on eye with a black pupil on each side, then a deep, flattened, minnow-shaped body of pearl-silver Mylar tubing built over a bulky lead underbody and whipped down at both the head and the bend, with a strip of natural grey-brown rabbit fur on hide laid along the top of the shank - tied in behind the eye, bound down again at the bend where the hook point pierces the hide, and the hide trimmed off there so the loose fur sweeps back past the bend as a soft tapered tail about half a shank long. No hackle, no legs. Hook rides point-DOWN: hook point facing DOWN, the rabbit strip lying on top of the shank on the opposite side from the point. Only one fly, hook bend and point clearly visible.",minor,"""a red thread throat"" - what the sources describe is red THREAD at the head, forming a red head band, not a throat hackle. A throat is a separate beard of fibres below the shank; calling it a throat will make the model draw hackle fibres that the standard recipe does not have. | The prompt says the rabbit strip is ""tied along the top of the shank and extending past the bend"" but does not say it is bound DOWN at the bend - a free-floating strip along the whole body is not how a Zonker is built, and the tie-down point at the bend is a visible feature.",medium
zonker-natural,fly-variant,flies,fal-ai/nano-banana-2,"Ultra-detailed macro product photograph of a single real fly-fishing fly on a seamless pure white background, studio softbox lighting, sharp focus, side profile view, no hands, no text. The fly is a ""Zonker"" in the Natural colour variant. 3X-long streamer hook, size 4. From the eye back: a red thread head with a small stick-on eye with a black pupil on each side, then a deep, flattened, minnow-shaped body of pearl-silver Mylar tubing built over a bulky lead underbody and whipped down at both the head and the bend, with a strip of natural grey-brown rabbit fur on hide laid along the top of the shank - tied in behind the eye, bound down again at the bend where the hook point pierces the hide, and the hide trimmed off there so the loose fur sweeps back past the bend as a soft tapered tail about half a shank long. No hackle, no legs. Hook rides point-DOWN: hook point facing DOWN, the rabbit strip lying on top of the shank on the opposite side from the point. Only one fly, hook bend and point clearly visible. COLOURWAY: this is the Natural version — Natural rabbit, pearl body. Keep the construction above exactly as described and change only the colours to match this colourway. (Fished for: Minnows)",rebuilt-from-corrected-base,Construction inherited from corrected base `zonker`.,medium
zonker-olive,fly-variant,flies,fal-ai/nano-banana-2,"Ultra-detailed macro product photograph of a single real fly-fishing fly on a seamless pure white background, studio softbox lighting, sharp focus, side profile view, no hands, no text. The fly is a ""Zonker"" in the Olive colour variant. 3X-long streamer hook, size 4. From the eye back: a red thread head with a small stick-on eye with a black pupil on each side, then a deep, flattened, minnow-shaped body of pearl-silver Mylar tubing built over a bulky lead underbody and whipped down at both the head and the bend, with a strip of natural grey-brown rabbit fur on hide laid along the top of the shank - tied in behind the eye, bound down again at the bend where the hook point pierces the hide, and the hide trimmed off there so the loose fur sweeps back past the bend as a soft tapered tail about half a shank long. No hackle, no legs. Hook rides point-DOWN: hook point facing DOWN, the rabbit strip lying on top of the shank on the opposite side from the point. Only one fly, hook bend and point clearly visible. COLOURWAY: this is the Olive version — Olive rabbit. Keep the construction above exactly as described and change only the colours to match this colourway. (Fished for: Sculpin)",rebuilt-from-corrected-base,Construction inherited from corrected base `zonker`.,medium
zonker-black,fly-variant,flies,fal-ai/nano-banana-2,"Ultra-detailed macro product photograph of a single real fly-fishing fly on a seamless pure white background, studio softbox lighting, sharp focus, side profile view, no hands, no text. The fly is a ""Zonker"" in the Black colour variant. 3X-long streamer hook, size 4. From the eye back: a red thread head with a small stick-on eye with a black pupil on each side, then a deep, flattened, minnow-shaped body of pearl-silver Mylar tubing built over a bulky lead underbody and whipped down at both the head and the bend, with a strip of natural grey-brown rabbit fur on hide laid along the top of the shank - tied in behind the eye, bound down again at the bend where the hook point pierces the hide, and the hide trimmed off there so the loose fur sweeps back past the bend as a soft tapered tail about half a shank long. No hackle, no legs. Hook rides point-DOWN: hook point facing DOWN, the rabbit strip lying on top of the shank on the opposite side from the point. Only one fly, hook bend and point clearly visible. COLOURWAY: this is the Black version — Black rabbit. Keep the construction above exactly as described and change only the colours to match this colourway. (Fished for: Low light)",rebuilt-from-corrected-base,Construction inherited from corrected base `zonker`.,medium
muddler-minnow,fly,flies,fal-ai/nano-banana-2,"Ultra-detailed macro product photograph of a single real fly-fishing fly on a seamless pure white background, studio softbox lighting, sharp focus, side profile view, no hands, no text. The fly is a ""Muddler Minnow"". 3X-long streamer hook, size 6. From the eye back: a bulky natural tan deer-hair head spun and trimmed to a broad flat-bottomed bullet shape occupying the front third of the shank, with the rearmost deer hairs left long and untrimmed as a flared swept-back collar; behind that, paired slips of mottled brown turkey wing quill lying low over the back as the wing, and beneath them a sparse underwing of white-tipped grey squirrel tail showing along the flanks; under that, a bright flat gold tinsel body ribbed with oval gold tinsel filling the rear of the shank; and at the bend a short mottled brown turkey-quill section as the tail. Hook rides point-DOWN: hook point facing DOWN, wing and deer-hair head on top of the shank. Only one fly, hook bend and point clearly visible.",minor,"The prompt does not mention the underwing at all, so ""a mottled turkey wing lying over a flat gold tinsel body"" describes a two-layer fly where the recipe has three layers (turkey over squirrel over tinsel). The pale squirrel underwing is visible in profile, so its absence changes the picture. | ""mottled turkey tail"" is correct as a material but the prompt should make clear it is a short quill SECTION at the bend, not a bunch of fibres - otherwise the model draws a hackle-fibre tail.",high
sculpzilla,fly,flies,fal-ai/nano-banana-2,"Ultra-detailed macro product photograph of a single real fly-fishing fly on a seamless pure white background, studio softbox lighting, sharp focus, side profile view, no hands, no text. The fly is a ""Sculpzilla"", an articulated sculpin streamer about 2.5 inches long. Built on a short front shank with a trailing short-shank Octopus stinger hook joined by a short loop of braided backing. From the front back: a large black-nickel cross-eyed conehead with a moulded eye on each side and a red holographic dome eye, then a swept-back collar of dark guinea fowl and olive grizzly hen hackle as gills, a mottled mallard-flank pectoral fin lying flat on each side, a pearl Ice-Dub body, an olive marabou overwing, and a barred olive rabbit zonker strip running back over the top and past the trailing hook as a thick undulating tail. The heavy cone is at the nose and the trailing stinger hook rides INVERTED: the rabbit strip and the stinger hook point are on the SAME side of the fly, shown with the hook point facing UP and the rabbit strip lying over the top of it. Only one fly, the trailing hook bend and point clearly visible.",wrong,"""a molded weighted sculpin-helmet head"" - wrong component. Every recipe checked specifies a cross-eyed CONEHEAD (3/8"" black nickel), not a Fish-Skull Sculpin Helmet. A Sculpin Helmet is a flat, broad, moulded shroud and would render as a completely different fly. | ""Weighted head rides down. Hook rides point-down: hook point facing DOWN, materials on top of the shank"" - contradicts the published description that the trailing stinger hook rides point-up with the rabbit strip extending over it. For an inverted fly the wing and the hook point are on the SAME side, which our prompt explicitly deni",medium
sculpzilla-olive,fly-variant,flies,fal-ai/nano-banana-2,"Ultra-detailed macro product photograph of a single real fly-fishing fly on a seamless pure white background, studio softbox lighting, sharp focus, side profile view, no hands, no text. The fly is a ""Sculpzilla"", an articulated sculpin streamer about 2.5 inches long. Built on a short front shank with a trailing short-shank Octopus stinger hook joined by a short loop of braided backing. From the front back: a large black-nickel cross-eyed conehead with a moulded eye on each side and a red holographic dome eye, then a swept-back collar of dark guinea fowl and olive grizzly hen hackle as gills, a mottled mallard-flank pectoral fin lying flat on each side, a pearl Ice-Dub body, an olive marabou overwing, and a barred olive rabbit zonker strip running back over the top and past the trailing hook as a thick undulating tail. The heavy cone is at the nose and the trailing stinger hook rides INVERTED: the rabbit strip and the stinger hook point are on the SAME side of the fly, shown with the hook point facing UP and the rabbit strip lying over the top of it. Only one fly, the trailing hook bend and point clearly visible. COLOURWAY: this is the Olive version — Olive rabbit. Keep the construction above exactly as described and change only the colours to match this colourway. (Fished for: Standard)",rebuilt-from-corrected-base,Construction inherited from corrected base `sculpzilla`.,medium
sculpzilla-black,fly-variant,flies,fal-ai/nano-banana-2,"Ultra-detailed macro product photograph of a single real fly-fishing fly on a seamless pure white background, studio softbox lighting, sharp focus, side profile view, no hands, no text. The fly is a ""Sculpzilla"", an articulated sculpin streamer about 2.5 inches long. Built on a short front shank with a trailing short-shank Octopus stinger hook joined by a short loop of braided backing. From the front back: a large black-nickel cross-eyed conehead with a moulded eye on each side and a red holographic dome eye, then a swept-back collar of dark guinea fowl and olive grizzly hen hackle as gills, a mottled mallard-flank pectoral fin lying flat on each side, a pearl Ice-Dub body, an olive marabou overwing, and a barred olive rabbit zonker strip running back over the top and past the trailing hook as a thick undulating tail. The heavy cone is at the nose and the trailing stinger hook rides INVERTED: the rabbit strip and the stinger hook point are on the SAME side of the fly, shown with the hook point facing UP and the rabbit strip lying over the top of it. Only one fly, the trailing hook bend and point clearly visible. COLOURWAY: this is the Black version — Black rabbit. Keep the construction above exactly as described and change only the colours to match this colourway. (Fished for: Low light)",rebuilt-from-corrected-base,Construction inherited from corrected base `sculpzilla`.,medium
sculpzilla-white,fly-variant,flies,fal-ai/nano-banana-2,"Ultra-detailed macro product photograph of a single real fly-fishing fly on a seamless pure white background, studio softbox lighting, sharp focus, side profile view, no hands, no text. The fly is a ""Sculpzilla"", an articulated sculpin streamer about 2.5 inches long. Built on a short front shank with a trailing short-shank Octopus stinger hook joined by a short loop of braided backing. From the front back: a large black-nickel cross-eyed conehead with a moulded eye on each side and a red holographic dome eye, then a swept-back collar of dark guinea fowl and olive grizzly hen hackle as gills, a mottled mallard-flank pectoral fin lying flat on each side, a pearl Ice-Dub body, an olive marabou overwing, and a barred olive rabbit zonker strip running back over the top and past the trailing hook as a thick undulating tail. The heavy cone is at the nose and the trailing stinger hook rides INVERTED: the rabbit strip and the stinger hook point are on the SAME side of the fly, shown with the hook point facing UP and the rabbit strip lying over the top of it. Only one fly, the trailing hook bend and point clearly visible. COLOURWAY: this is the White version — White rabbit. Keep the construction above exactly as described and change only the colours to match this colourway. (Fished for: Baitfish, winter)",rebuilt-from-corrected-base,Construction inherited from corrected base `sculpzilla`.,medium
sex-dungeon,fly,flies,fal-ai/nano-banana-2,"Ultra-detailed macro product photograph of a single real fly-fishing fly on a seamless pure white background, studio softbox lighting, sharp focus, side profile view, no hands, no text. The fly is a ""Sex Dungeon"", a large articulated trout streamer about four inches long. Two long-shank streamer hooks joined by a short length of coated wire strung through a small red glass bead. Front section, eye to bend: a broad olive deer-hair head spun and razor-trimmed into a flat-bottomed wedge, with large yellow-and-black double-pupil lead dumbbell eyes mounted underneath the shank right at the head, then an olive marabou skirt, an olive Ice-Dub body with barred olive schlappen palmered over it in open turns and counter-ribbed with fine black wire, and long barred olive-and-green silicone rubber legs splaying out from both sides. Rear section, eye to bend: the same olive Ice-Dub body with palmered schlappen and wire rib, more barred rubber legs out to the sides, and a long soft olive marabou tail with a few strands of gold flash. Both hooks ride point-DOWN: hook points facing DOWN, the lead eyes and the flat of the deer-hair head on the underside, the schlappen and marabou standing above and around the shanks. Only one fly, both hook bends and points clearly visible.",minor,"""both sections have schlappen hackle bodies"" is only half the body - every recipe also lists an Ice Dub / ice-chenille underbody and a fine wire counter-rib on both sections; the schlappen is palmered over that, not wrapped on a bare shank. | ""marabou tail"" singular - there is marabou on BOTH sections (a tail on the rear, a skirt/wing on the front), plus flash in the rear tail. | ""Two hooks joined by an articulation"" is vague - sources specify a wire or heavy-braid connector strung through a small red glass bead, which is a visible feature between the two sections. | Sources disagree on where ",medium
sex-dungeon-olive,fly-variant,flies,fal-ai/nano-banana-2,"Ultra-detailed macro product photograph of a single real fly-fishing fly on a seamless pure white background, studio softbox lighting, sharp focus, side profile view, no hands, no text. The fly is a ""Sex Dungeon"", a large articulated trout streamer about four inches long. Two long-shank streamer hooks joined by a short length of coated wire strung through a small red glass bead. Front section, eye to bend: a broad olive deer-hair head spun and razor-trimmed into a flat-bottomed wedge, with large yellow-and-black double-pupil lead dumbbell eyes mounted underneath the shank right at the head, then an olive marabou skirt, an olive Ice-Dub body with barred olive schlappen palmered over it in open turns and counter-ribbed with fine black wire, and long barred olive-and-green silicone rubber legs splaying out from both sides. Rear section, eye to bend: the same olive Ice-Dub body with palmered schlappen and wire rib, more barred rubber legs out to the sides, and a long soft olive marabou tail with a few strands of gold flash. Both hooks ride point-DOWN: hook points facing DOWN, the lead eyes and the flat of the deer-hair head on the underside, the schlappen and marabou standing above and around the shanks. Only one fly, both hook bends and points clearly visible. COLOURWAY: this is the Olive version — Olive deer hair and schlappen. Keep the construction above exactly as described and change only the colours to match this colourway. (Fished for: Sculpin)",rebuilt-from-corrected-base,Construction inherited from corrected base `sex-dungeon`.,medium
sex-dungeon-yellow,fly-variant,flies,fal-ai/nano-banana-2,"Ultra-detailed macro product photograph of a single real fly-fishing fly on a seamless pure white background, studio softbox lighting, sharp focus, side profile view, no hands, no text. The fly is a ""Sex Dungeon"", a large articulated trout streamer about four inches long. Two long-shank streamer hooks joined by a short length of coated wire strung through a small red glass bead. Front section, eye to bend: a broad olive deer-hair head spun and razor-trimmed into a flat-bottomed wedge, with large yellow-and-black double-pupil lead dumbbell eyes mounted underneath the shank right at the head, then an olive marabou skirt, an olive Ice-Dub body with barred olive schlappen palmered over it in open turns and counter-ribbed with fine black wire, and long barred olive-and-green silicone rubber legs splaying out from both sides. Rear section, eye to bend: the same olive Ice-Dub body with palmered schlappen and wire rib, more barred rubber legs out to the sides, and a long soft olive marabou tail with a few strands of gold flash. Both hooks ride point-DOWN: hook points facing DOWN, the lead eyes and the flat of the deer-hair head on the underside, the schlappen and marabou standing above and around the shanks. Only one fly, both hook bends and points clearly visible. COLOURWAY: this is the Yellow version — Yellow. Keep the construction above exactly as described and change only the colours to match this colourway. (Fished for: Stained water, attractor)",rebuilt-from-corrected-base,Construction inherited from corrected base `sex-dungeon`.,medium
sex-dungeon-black,fly-variant,flies,fal-ai/nano-banana-2,"Ultra-detailed macro product photograph of a single real fly-fishing fly on a seamless pure white background, studio softbox lighting, sharp focus, side profile view, no hands, no text. The fly is a ""Sex Dungeon"", a large articulated trout streamer about four inches long. Two long-shank streamer hooks joined by a short length of coated wire strung through a small red glass bead. Front section, eye to bend: a broad olive deer-hair head spun and razor-trimmed into a flat-bottomed wedge, with large yellow-and-black double-pupil lead dumbbell eyes mounted underneath the shank right at the head, then an olive marabou skirt, an olive Ice-Dub body with barred olive schlappen palmered over it in open turns and counter-ribbed with fine black wire, and long barred olive-and-green silicone rubber legs splaying out from both sides. Rear section, eye to bend: the same olive Ice-Dub body with palmered schlappen and wire rib, more barred rubber legs out to the sides, and a long soft olive marabou tail with a few strands of gold flash. Both hooks ride point-DOWN: hook points facing DOWN, the lead eyes and the flat of the deer-hair head on the underside, the schlappen and marabou standing above and around the shanks. Only one fly, both hook bends and points clearly visible. COLOURWAY: this is the Black version — Black. Keep the construction above exactly as described and change only the colours to match this colourway. (Fished for: Low light, high water)",rebuilt-from-corrected-base,Construction inherited from corrected base `sex-dungeon`.,medium
sex-dungeon-white,fly-variant,flies,fal-ai/nano-banana-2,"Ultra-detailed macro product photograph of a single real fly-fishing fly on a seamless pure white background, studio softbox lighting, sharp focus, side profile view, no hands, no text. The fly is a ""Sex Dungeon"", a large articulated trout streamer about four inches long. Two long-shank streamer hooks joined by a short length of coated wire strung through a small red glass bead. Front section, eye to bend: a broad olive deer-hair head spun and razor-trimmed into a flat-bottomed wedge, with large yellow-and-black double-pupil lead dumbbell eyes mounted underneath the shank right at the head, then an olive marabou skirt, an olive Ice-Dub body with barred olive schlappen palmered over it in open turns and counter-ribbed with fine black wire, and long barred olive-and-green silicone rubber legs splaying out from both sides. Rear section, eye to bend: the same olive Ice-Dub body with palmered schlappen and wire rib, more barred rubber legs out to the sides, and a long soft olive marabou tail with a few strands of gold flash. Both hooks ride point-DOWN: hook points facing DOWN, the lead eyes and the flat of the deer-hair head on the underside, the schlappen and marabou standing above and around the shanks. Only one fly, both hook bends and points clearly visible. COLOURWAY: this is the White version — White. Keep the construction above exactly as described and change only the colours to match this colourway. (Fished for: Baitfish)",rebuilt-from-corrected-base,Construction inherited from corrected base `sex-dungeon`.,medium
slumpbuster,fly,flies,fal-ai/nano-banana-2,"Ultra-detailed macro product photograph of a single real fly-fishing fly on a seamless pure white background, studio softbox lighting, sharp focus, side profile view, no hands, no text. The fly is a ""Slumpbuster"". A 2XL nymph/streamer hook, size 6. Construction from the eye back: a gold brass cone head seated at the hook eye; immediately behind the cone a collar of olive pine-squirrel strip wrapped around the shank like a hackle, its guard hairs flaring back about half a shank length; then a slim tapered body of flat gold Mini-Flat Braid over a hidden lead-wire underbody; and an olive-dyed pine-squirrel Zonker strip laid matuka-style flat along the TOP of the shank from behind the collar to the bend, continuing past the bend as a tail about one shank length long, the strip pinned down by four or five open spirals of fine copper wire that pass up through the parted squirrel hair so the hair stands away from the shank. Overall olive with a gold body flash. This fly is not inverted and has no weighted eyes: hook rides point-DOWN, hook point facing DOWN, all materials on the upper side of the shank opposite the point. Only one fly, hook bend and point clearly visible.",wrong,"""a pine-squirrel fur strip along the top of the shank and trailing as a tail"" omits the defining matuka construction: the strip is pinned to the top of the shank by open spirals of wire that pass UP THROUGH the hair, so wire ribbing crosses the wing. Without it an image model will draw a loose Zonker strip tied down only at each end. | ""A brass cone head at the eye, a pine-squirrel fur strip ... sparkle braid body"" leaves out the squirrel collar wrapped around the shank immediately behind the cone. That flared collar is the single most recognisable visual feature of the fly after the cone. | """,high
sparkle-minnow,fly,flies,fal-ai/nano-banana-2,"Ultra-detailed macro product photograph of a single real fly-fishing fly on a seamless pure white background, studio softbox lighting, sharp focus, side profile view, no hands, no text. The fly is a ""Coffey's Sparkle Minnow"". Long-shank streamer hook, size 6. Construction from the eye back: a black metal conehead at the hook eye; behind it a shaggy dubbing-loop body of gold Ice Dub picked out into a bristling halo of sparkling fibres, with a pearl Ice Dub belly underneath and three or four strands of copper root-beer Krystal Flash down each side; the body sits over a hidden lead-wire underbody; at the bend a soft blood-quill marabou tail about one shank length long, white with tan and olive blended over it. This fly is not inverted and has no weighted eyes: hook rides point-DOWN, hook point facing DOWN, materials on top of and around the shank. Only one fly, hook bend and point clearly visible.",minor,"""a shaggy body of gold and copper Ice Dub brushed out"" — copper is the Krystal Flash, not a dubbing colour. The recipe is gold Ice Dub for the body with a PEARL Ice Dub belly, plus copper/root-beer Krystal Flash strands. | ""Cone head"" does not state the colour; sources specify a black conehead, which is a strong visual contrast against the gold body. | ""marabou tail"" does not state the colour; the standard tail is blended white, tan and olive blood-quill marabou.",high
crayfish-fly,fly,flies,fal-ai/nano-banana-2,"Ultra-detailed macro product photograph of a single real fly-fishing fly on a seamless pure white background, studio softbox lighting, sharp focus, side profile view, no hands, no text. The fly is a ""Clouser's Crayfish"". A 3XL curved nymph/streamer hook, size 6, weighted with lead wire lashed along BOTH SIDES of the shank so the body is flattened — there are no dumbbell eyes. The crayfish faces backwards on the hook: its head is at the hook BEND and its tail at the hook eye. Construction from the hook eye back: a tan-to-light-olive dubbed abdomen and thorax over the flat lead underbody; an olive furry-foam strip pulled over the top of the whole body as a carapace and tied down in three or four segments; a ginger or grizzly saddle hackle palmered through the dubbing and trimmed flat top and bottom so only side legs remain; at the bend a pair of mottled mallard flank feathers curled inward to form two claws, splayed in a V and pointing back past the bend; and two ringneck pheasant-tail fibre antennae extending one to one and a half shank lengths past the bend between the claws. Overall olive-tan with a darker olive back. This fly has NO wing and NO weighted eyes and is not inverted: it is dead-drifted like a nymph, so show it hook point DOWN, with the furry-foam carapace on top of the shank, opposite the point. Only one fly, hook bend and point clearly visible.",wrong,"KNOWN SYSTEMIC BUG PRESENT: ""The wing/hair and weighted eyes are tied on the SAME side of the shank as the hook point, so the fly rides upside down..."" is pasted onto a fly that has NO WING AND NO HAIR at all. A crayfish has claws, a carapace and antennae; there is no wing to place. | ""Lead eyes near the bend so it rides claw-forward"" — Clouser's Crayfish has no lead eyes; it is weighted with lead wire lashed along both sides of the shank. And no source describes lead eyes 'near the bend'; where dumbbell eyes are used (Near Nuff) they sit near the hook eye. | ""so it rides claw-forward"" conflat",medium
game-changer,fly,flies,fal-ai/nano-banana-2,"Ultra-detailed macro product photograph of a single real fly-fishing fly on a seamless pure white background, studio softbox lighting, sharp focus, side profile view, no hands, no text. The fly is a ""Game Changer"". Built on a chain of five or six articulated wire Fish-Spine shanks with a short-shank wide-gap streamer hook, size 1/0, at the FRONT of the chain as the head — the shanks trail BEHIND the hook and form the body and tail, not the other way round. Construction from the front: a moulded Fish-Mask resin head with a large stick-on 3D eye on each side; then, working back along the chain, each shank dressed with splayed white hen-saddle feathers tied in a tent shape at about 45 degrees, plus a few strands of pearl filler flash palmered between the layers, each segment shorter than the one in front so the dressed segments together form a deep, tapered, continuously curving baitfish profile; the rearmost shank carries a soft white saddle-hackle or marabou tail. Unweighted. This fly is not inverted and has no weighted eyes: hook rides point-DOWN at the head of the fly, hook point facing DOWN, materials on top of and around the shanks. Only one fly, hook bend and point clearly visible.",wrong,"""Several small shanks linked in a chain ending in a hook"" is at best ambiguous and reads most naturally as hook-at-the-rear. On a Game Changer the hook is at the FRONT, at the head, and the shanks trail behind it as the body and tail. An image model will almost certainly put the hook last in the chain, at the tail — the wrong way round. | ""forked tail"" — no source gives a Game Changer a forked fish tail. The tail is a soft white saddle hackle or marabou plume on the rearmost shank. | ""each shank wrapped with a white synthetic fiber brush"" states only one of several dressings and omits the orig",medium
game-changer-white,fly-variant,flies,fal-ai/nano-banana-2,"Ultra-detailed macro product photograph of a single real fly-fishing fly on a seamless pure white background, studio softbox lighting, sharp focus, side profile view, no hands, no text. The fly is a ""Game Changer"" in the White colour variant. Built on a chain of five or six articulated wire Fish-Spine shanks with a short-shank wide-gap streamer hook, size 1/0, at the FRONT of the chain as the head — the shanks trail BEHIND the hook and form the body and tail, not the other way round. Construction from the front: a moulded Fish-Mask resin head with a large stick-on 3D eye on each side; then, working back along the chain, each shank dressed with splayed white hen-saddle feathers tied in a tent shape at about 45 degrees, plus a few strands of pearl filler flash palmered between the layers, each segment shorter than the one in front so the dressed segments together form a deep, tapered, continuously curving baitfish profile; the rearmost shank carries a soft white saddle-hackle or marabou tail. Unweighted. This fly is not inverted and has no weighted eyes: hook rides point-DOWN at the head of the fly, hook point facing DOWN, materials on top of and around the shanks. Only one fly, hook bend and point clearly visible. COLOURWAY: this is the White version — White fiber. Keep the construction above exactly as described and change only the colours to match this colourway. (Fished for: Baitfish)",rebuilt-from-corrected-base,Construction inherited from corrected base `game-changer`.,medium
game-changer-olive-white,fly-variant,flies,fal-ai/nano-banana-2,"Ultra-detailed macro product photograph of a single real fly-fishing fly on a seamless pure white background, studio softbox lighting, sharp focus, side profile view, no hands, no text. The fly is a ""Game Changer"" in the Olive/White colour variant. Built on a chain of five or six articulated wire Fish-Spine shanks with a short-shank wide-gap streamer hook, size 1/0, at the FRONT of the chain as the head — the shanks trail BEHIND the hook and form the body and tail, not the other way round. Construction from the front: a moulded Fish-Mask resin head with a large stick-on 3D eye on each side; then, working back along the chain, each shank dressed with splayed white hen-saddle feathers tied in a tent shape at about 45 degrees, plus a few strands of pearl filler flash palmered between the layers, each segment shorter than the one in front so the dressed segments together form a deep, tapered, continuously curving baitfish profile; the rearmost shank carries a soft white saddle-hackle or marabou tail. Unweighted. This fly is not inverted and has no weighted eyes: hook rides point-DOWN at the head of the fly, hook point facing DOWN, materials on top of and around the shanks. Only one fly, hook bend and point clearly visible. COLOURWAY: this is the Olive/White version — Olive back. Keep the construction above exactly as described and change only the colours to match this colourway. (Fished for: Clear water)",rebuilt-from-corrected-base,Construction inherited from corrected base `game-changer`.,medium
game-changer-chartreuse,fly-variant,flies,fal-ai/nano-banana-2,"Ultra-detailed macro product photograph of a single real fly-fishing fly on a seamless pure white background, studio softbox lighting, sharp focus, side profile view, no hands, no text. The fly is a ""Game Changer"" in the Chartreuse colour variant. Built on a chain of five or six articulated wire Fish-Spine shanks with a short-shank wide-gap streamer hook, size 1/0, at the FRONT of the chain as the head — the shanks trail BEHIND the hook and form the body and tail, not the other way round. Construction from the front: a moulded Fish-Mask resin head with a large stick-on 3D eye on each side; then, working back along the chain, each shank dressed with splayed white hen-saddle feathers tied in a tent shape at about 45 degrees, plus a few strands of pearl filler flash palmered between the layers, each segment shorter than the one in front so the dressed segments together form a deep, tapered, continuously curving baitfish profile; the rearmost shank carries a soft white saddle-hackle or marabou tail. Unweighted. This fly is not inverted and has no weighted eyes: hook rides point-DOWN at the head of the fly, hook point facing DOWN, materials on top of and around the shanks. Only one fly, hook bend and point clearly visible. COLOURWAY: this is the Chartreuse version — Chartreuse. Keep the construction above exactly as described and change only the colours to match this colourway. (Fished for: Stained water)",rebuilt-from-corrected-base,Construction inherited from corrected base `game-changer`.,medium
clouser-minnow,fly,flies,fal-ai/nano-banana-2,"Ultra-detailed macro product photograph of a single real fly-fishing fly on a seamless pure white background, studio softbox lighting, sharp focus, side profile view, no hands, no text. The fly is a ""Clouser Deep Minnow"", chartreuse and white. Standard-length stainless saltwater hook, size 2. Construction from the eye back: a short bare thread head, then painted lead dumbbell eyes lashed across the shank with figure-eight wraps about two or three hook-eye lengths back from the hook eye, roughly a third of the way along the shank; at the eyes a sparse chartreuse bucktail wing tied on the hook-point side of the shank, about two shank lengths long and sweeping back well past the bend; six strands of pearl Krystal Flash immediately beneath it; and a sparse white bucktail belly of the same length tied on the opposite side of the shank, so the finished fly is white below and chartreuse above. No body, no tail, no hackle — the rear half of the shank is bare. The bucktail wing and the hook point are on the SAME side of the shank and the fly fishes upside down: show the hook point facing UP with the chartreuse wing directly above the shank on the same side as the point, the white belly below the shank, and the dumbbell eyes straddling the shank at the head. Only one fly, hook bend and point clearly visible.",wrong,"KNOWN SYSTEMIC BUG PRESENT: the inverted-orientation paragraph ""The wing/hair and weighted eyes are tied on the SAME side of the shank as the hook point, so the fly rides upside down..."" is pasted in TWICE, verbatim. On this pattern the paragraph belongs, but the duplicate must go. | ""Painted lead dumbbell eyes tied on top of the shank just behind the hook eye"" — two problems. (a) Position: every source puts the eyes back from the hook eye, about two to three eye-lengths or roughly a third of the shank, leaving a visible bare thread head in front. 'Just behind the hook eye' crowds them forward",high
clouser-minnow-chartreuse-white,fly-variant,flies,fal-ai/nano-banana-2,"Ultra-detailed macro product photograph of a single real fly-fishing fly on a seamless pure white background, studio softbox lighting, sharp focus, side profile view, no hands, no text. The fly is a ""Clouser Deep Minnow"", chartreuse and white. Standard-length stainless saltwater hook, size 2. Construction from the eye back: a short bare thread head, then painted lead dumbbell eyes lashed across the shank with figure-eight wraps about two or three hook-eye lengths back from the hook eye, roughly a third of the way along the shank; at the eyes a sparse chartreuse bucktail wing tied on the hook-point side of the shank, about two shank lengths long and sweeping back well past the bend; six strands of pearl Krystal Flash immediately beneath it; and a sparse white bucktail belly of the same length tied on the opposite side of the shank, so the finished fly is white below and chartreuse above. No body, no tail, no hackle — the rear half of the shank is bare. The bucktail wing and the hook point are on the SAME side of the shank and the fly fishes upside down: show the hook point facing UP with the chartreuse wing directly above the shank on the same side as the point, the white belly below the shank, and the dumbbell eyes straddling the shank at the head. Only one fly, hook bend and point clearly visible. COLOURWAY: this is the Chartreuse/White version — Chartreuse bucktail over white. Keep the construction above exactly as described and change only the colours to match this colourway. (Fished for: The default; stained water, stripers, redfish)",rebuilt-from-corrected-base,Construction inherited from corrected base `clouser-minnow`.,high
clouser-minnow-olive-white,fly-variant,flies,fal-ai/nano-banana-2,"Ultra-detailed macro product photograph of a single real fly-fishing fly on a seamless pure white background, studio softbox lighting, sharp focus, side profile view, no hands, no text. The fly is a ""Clouser Deep Minnow"", chartreuse and white. Standard-length stainless saltwater hook, size 2. Construction from the eye back: a short bare thread head, then painted lead dumbbell eyes lashed across the shank with figure-eight wraps about two or three hook-eye lengths back from the hook eye, roughly a third of the way along the shank; at the eyes a sparse chartreuse bucktail wing tied on the hook-point side of the shank, about two shank lengths long and sweeping back well past the bend; six strands of pearl Krystal Flash immediately beneath it; and a sparse white bucktail belly of the same length tied on the opposite side of the shank, so the finished fly is white below and chartreuse above. No body, no tail, no hackle — the rear half of the shank is bare. The bucktail wing and the hook point are on the SAME side of the shank and the fly fishes upside down: show the hook point facing UP with the chartreuse wing directly above the shank on the same side as the point, the white belly below the shank, and the dumbbell eyes straddling the shank at the head. Only one fly, hook bend and point clearly visible. COLOURWAY: this is the Olive/White version — Olive over white. Keep the construction above exactly as described and change only the colours to match this colourway. (Fished for: Clear water, glass minnows, albies)",rebuilt-from-corrected-base,Construction inherited from corrected base `clouser-minnow`.,high
clouser-minnow-tan-white,fly-variant,flies,fal-ai/nano-banana-2,"Ultra-detailed macro product photograph of a single real fly-fishing fly on a seamless pure white background, studio softbox lighting, sharp focus, side profile view, no hands, no text. The fly is a ""Clouser Deep Minnow"", chartreuse and white. Standard-length stainless saltwater hook, size 2. Construction from the eye back: a short bare thread head, then painted lead dumbbell eyes lashed across the shank with figure-eight wraps about two or three hook-eye lengths back from the hook eye, roughly a third of the way along the shank; at the eyes a sparse chartreuse bucktail wing tied on the hook-point side of the shank, about two shank lengths long and sweeping back well past the bend; six strands of pearl Krystal Flash immediately beneath it; and a sparse white bucktail belly of the same length tied on the opposite side of the shank, so the finished fly is white below and chartreuse above. No body, no tail, no hackle — the rear half of the shank is bare. The bucktail wing and the hook point are on the SAME side of the shank and the fly fishes upside down: show the hook point facing UP with the chartreuse wing directly above the shank on the same side as the point, the white belly below the shank, and the dumbbell eyes straddling the shank at the head. Only one fly, hook bend and point clearly visible. COLOURWAY: this is the Tan/White version — Tan over white. Keep the construction above exactly as described and change only the colours to match this colourway. (Fished for: Sand flats, bonefish, seatrout)",rebuilt-from-corrected-base,Construction inherited from corrected base `clouser-minnow`.,high
clouser-minnow-pink-white,fly-variant,flies,fal-ai/nano-banana-2,"Ultra-detailed macro product photograph of a single real fly-fishing fly on a seamless pure white background, studio softbox lighting, sharp focus, side profile view, no hands, no text. The fly is a ""Clouser Deep Minnow"", chartreuse and white. Standard-length stainless saltwater hook, size 2. Construction from the eye back: a short bare thread head, then painted lead dumbbell eyes lashed across the shank with figure-eight wraps about two or three hook-eye lengths back from the hook eye, roughly a third of the way along the shank; at the eyes a sparse chartreuse bucktail wing tied on the hook-point side of the shank, about two shank lengths long and sweeping back well past the bend; six strands of pearl Krystal Flash immediately beneath it; and a sparse white bucktail belly of the same length tied on the opposite side of the shank, so the finished fly is white below and chartreuse above. No body, no tail, no hackle — the rear half of the shank is bare. The bucktail wing and the hook point are on the SAME side of the shank and the fly fishes upside down: show the hook point facing UP with the chartreuse wing directly above the shank on the same side as the point, the white belly below the shank, and the dumbbell eyes straddling the shank at the head. Only one fly, hook bend and point clearly visible. COLOURWAY: this is the Pink/White version — Pink over white. Keep the construction above exactly as described and change only the colours to match this colourway. (Fished for: Snook, seatrout, low light)",rebuilt-from-corrected-base,Construction inherited from corrected base `clouser-minnow`.,high
clouser-minnow-all-black,fly-variant,flies,fal-ai/nano-banana-2,"Ultra-detailed macro product photograph of a single real fly-fishing fly on a seamless pure white background, studio softbox lighting, sharp focus, side profile view, no hands, no text. The fly is a ""Clouser Deep Minnow"", chartreuse and white. Standard-length stainless saltwater hook, size 2. Construction from the eye back: a short bare thread head, then painted lead dumbbell eyes lashed across the shank with figure-eight wraps about two or three hook-eye lengths back from the hook eye, roughly a third of the way along the shank; at the eyes a sparse chartreuse bucktail wing tied on the hook-point side of the shank, about two shank lengths long and sweeping back well past the bend; six strands of pearl Krystal Flash immediately beneath it; and a sparse white bucktail belly of the same length tied on the opposite side of the shank, so the finished fly is white below and chartreuse above. No body, no tail, no hackle — the rear half of the shank is bare. The bucktail wing and the hook point are on the SAME side of the shank and the fly fishes upside down: show the hook point facing UP with the chartreuse wing directly above the shank on the same side as the point, the white belly below the shank, and the dumbbell eyes straddling the shank at the head. Only one fly, hook bend and point clearly visible. COLOURWAY: this is the Black version — Black over black, purple flash. Keep the construction above exactly as described and change only the colours to match this colourway. (Fished for: Night, muddy water)",rebuilt-from-corrected-base,Construction inherited from corrected base `clouser-minnow`.,high
lefty-deceiver,fly,flies,fal-ai/nano-banana-2,"Ultra-detailed macro product photograph of a single real fly-fishing fly on a seamless pure white background, studio softbox lighting, sharp focus, side profile view, no hands, no text. The fly is a ""Lefty's Deceiver"". Standard-length stainless saltwater hook, size 1/0. Construction from the eye back: a smooth painted head, red with a black pupil; behind it a collar of white bucktail spun all the way AROUND the shank and lying back over the body to about halfway along the tail; over the top and sides of that a second, darker bucktail collar in olive-green of the same length, and six or seven peacock herls laid flat along the very top as a topping; a few strands of pearl Krystal Flash down each side; a slim body of pearl flat braid or flat silver tinsel wrapped along the shank; and at the BEND a tail of four white saddle hackles tied in two opposing back-to-back pairs so they splay slightly, two to three times the hook-shank length. Unweighted, no dumbbell eyes. This fly is not inverted: hook rides point-DOWN, hook point facing DOWN, materials on top of and around the shank. Only one fly, hook bend and point clearly visible.",minor,"""Four to six long white saddle hackle feathers"" — Charlie's Fly Box and Orvis specify four, tied in two opposing pairs; other sources allow six to eight. The important missing detail is that they are paired back-to-back so the tail splays, and that they are two to three times the shank length. | ""a few strands of silver flash"" — sources specify pearl Krystal Flash, not silver. | ""Long saltwater hook"" — TMC 811S is a standard-length saltwater hook, not a long-shank. A long shank would foul the tail, which is the opposite of what the Deceiver was designed to avoid. | The prompt describes an all-",high
lefty-deceiver-white,fly-variant,flies,fal-ai/nano-banana-2,"Ultra-detailed macro product photograph of a single real fly-fishing fly on a seamless pure white background, studio softbox lighting, sharp focus, side profile view, no hands, no text. The fly is a ""Lefty's Deceiver"" in the White colour variant. Standard-length stainless saltwater hook, size 1/0. Construction from the eye back: a smooth painted head, red with a black pupil; behind it a collar of white bucktail spun all the way AROUND the shank and lying back over the body to about halfway along the tail; over the top and sides of that a second, darker bucktail collar in olive-green of the same length, and six or seven peacock herls laid flat along the very top as a topping; a few strands of pearl Krystal Flash down each side; a slim body of pearl flat braid or flat silver tinsel wrapped along the shank; and at the BEND a tail of four white saddle hackles tied in two opposing back-to-back pairs so they splay slightly, two to three times the hook-shank length. Unweighted, no dumbbell eyes. This fly is not inverted: hook rides point-DOWN, hook point facing DOWN, materials on top of and around the shank. Only one fly, hook bend and point clearly visible. COLOURWAY: this is the White version — All white, silver flash. Keep the construction above exactly as described and change only the colours to match this colourway. (Fished for: Baitfish, stripers)",rebuilt-from-corrected-base,Construction inherited from corrected base `lefty-deceiver`.,high
lefty-deceiver-chartreuse-white,fly-variant,flies,fal-ai/nano-banana-2,"Ultra-detailed macro product photograph of a single real fly-fishing fly on a seamless pure white background, studio softbox lighting, sharp focus, side profile view, no hands, no text. The fly is a ""Lefty's Deceiver"" in the Chartreuse/White colour variant. Standard-length stainless saltwater hook, size 1/0. Construction from the eye back: a smooth painted head, red with a black pupil; behind it a collar of white bucktail spun all the way AROUND the shank and lying back over the body to about halfway along the tail; over the top and sides of that a second, darker bucktail collar in olive-green of the same length, and six or seven peacock herls laid flat along the very top as a topping; a few strands of pearl Krystal Flash down each side; a slim body of pearl flat braid or flat silver tinsel wrapped along the shank; and at the BEND a tail of four white saddle hackles tied in two opposing back-to-back pairs so they splay slightly, two to three times the hook-shank length. Unweighted, no dumbbell eyes. This fly is not inverted: hook rides point-DOWN, hook point facing DOWN, materials on top of and around the shank. Only one fly, hook bend and point clearly visible. COLOURWAY: this is the Chartreuse/White version — Chartreuse over white. Keep the construction above exactly as described and change only the colours to match this colourway. (Fished for: Stained water, bluefish)",rebuilt-from-corrected-base,Construction inherited from corrected base `lefty-deceiver`.,high
lefty-deceiver-olive-white,fly-variant,flies,fal-ai/nano-banana-2,"Ultra-detailed macro product photograph of a single real fly-fishing fly on a seamless pure white background, studio softbox lighting, sharp focus, side profile view, no hands, no text. The fly is a ""Lefty's Deceiver"" in the Olive/White colour variant. Standard-length stainless saltwater hook, size 1/0. Construction from the eye back: a smooth painted head, red with a black pupil; behind it a collar of white bucktail spun all the way AROUND the shank and lying back over the body to about halfway along the tail; over the top and sides of that a second, darker bucktail collar in olive-green of the same length, and six or seven peacock herls laid flat along the very top as a topping; a few strands of pearl Krystal Flash down each side; a slim body of pearl flat braid or flat silver tinsel wrapped along the shank; and at the BEND a tail of four white saddle hackles tied in two opposing back-to-back pairs so they splay slightly, two to three times the hook-shank length. Unweighted, no dumbbell eyes. This fly is not inverted: hook rides point-DOWN, hook point facing DOWN, materials on top of and around the shank. Only one fly, hook bend and point clearly visible. COLOURWAY: this is the Olive/White version — Olive over white. Keep the construction above exactly as described and change only the colours to match this colourway. (Fished for: Mullet, clear water)",rebuilt-from-corrected-base,Construction inherited from corrected base `lefty-deceiver`.,high
lefty-deceiver-black,fly-variant,flies,fal-ai/nano-banana-2,"Ultra-detailed macro product photograph of a single real fly-fishing fly on a seamless pure white background, studio softbox lighting, sharp focus, side profile view, no hands, no text. The fly is a ""Lefty's Deceiver"" in the Black colour variant. Standard-length stainless saltwater hook, size 1/0. Construction from the eye back: a smooth painted head, red with a black pupil; behind it a collar of white bucktail spun all the way AROUND the shank and lying back over the body to about halfway along the tail; over the top and sides of that a second, darker bucktail collar in olive-green of the same length, and six or seven peacock herls laid flat along the very top as a topping; a few strands of pearl Krystal Flash down each side; a slim body of pearl flat braid or flat silver tinsel wrapped along the shank; and at the BEND a tail of four white saddle hackles tied in two opposing back-to-back pairs so they splay slightly, two to three times the hook-shank length. Unweighted, no dumbbell eyes. This fly is not inverted: hook rides point-DOWN, hook point facing DOWN, materials on top of and around the shank. Only one fly, hook bend and point clearly visible. COLOURWAY: this is the Black version — All black. Keep the construction above exactly as described and change only the colours to match this colourway. (Fished for: Night, tarpon)",rebuilt-from-corrected-base,Construction inherited from corrected base `lefty-deceiver`.,high
half-and-half,fly,flies,fal-ai/nano-banana-2,"Ultra-detailed macro product photograph of a single real fly-fishing fly on a seamless pure white background, studio softbox lighting, sharp focus, side profile view, no hands, no text. The fly is a ""Half & Half"", chartreuse and white. Wide-gap stainless streamer/saltwater hook, size 1/0. Construction from the eye back: a short thread head, then painted lead dumbbell eyes lashed across the shank with figure-eight wraps about one third of the shank back from the hook eye; at the eyes a sparse chartreuse bucktail wing on the hook-point side of the shank, about two shank lengths long; ten to twenty strands of silver Flashabou; a sparse white bucktail belly of the same length on the opposite side of the shank; and at the BEND four to six long chartreuse saddle hackles tied in opposing pairs as a splayed Deceiver-style tail, two to three times the hook-shank length. The bucktail wing and the hook point are on the SAME side of the shank and the fly fishes upside down: show the hook point facing UP with the chartreuse wing directly above the shank on the same side as the point, the white belly below the shank, and the dumbbell eyes straddling the shank at the head. Only one fly, hook bend and point clearly visible.",wrong,"KNOWN SYSTEMIC BUG PRESENT: the inverted-orientation paragraph is pasted in TWICE, verbatim. The paragraph is correct for this pattern, but the duplicate must be deleted. | ""Long saddle-hackle tail like a Deceiver at the bend, lead dumbbell eyes and bucktail like a Clouser at the front"" — this is a description by reference, not a materials list. An image model given 'like a Deceiver' and 'like a Clouser' has nothing concrete to draw. No colour, no count, no lengths, no eye position. | No colourway is stated. The canonical Half & Half is chartreuse over white; without it the model picks at rand",high
ep-baitfish,fly,flies,fal-ai/nano-banana-2,"Ultra-detailed macro product photograph of a single real fly-fishing fly on a seamless pure white background, studio softbox lighting, sharp focus, side profile view, no hands, no text. The fly is an ""EP Baitfish"". Short-shank, wide-gap stainless saltwater hook, size 1/0. Construction: successive bunches of translucent EP synthetic fibres tied in along the shank and folded back over themselves — white on the belly, olive on the back, with a few strands of pearl and silver flash sandwiched between the layers — building a deep, slab-sided body whose bulk extends well past the hook bend, then scissor-trimmed to a clean tapered baitfish silhouette with a cut edge. A large stick-on 3D eye on each side of the head, set in a small bead of clear resin, and faint dark marker barring on the olive back. The fibres are translucent so light passes through the edges of the body. Unweighted, no dumbbell eyes. This fly is not inverted: hook rides point-DOWN, hook point facing DOWN, the fibre body built on top of and around the shank. Only one fly, hook bend and point clearly visible.",minor,"""Saltwater hook"" is under-specified in a way that matters: EP baitfish are tied on SHORT-shank wide-gap hooks with most of the body extending past the bend. If the model draws a long-shank hook the proportions will be wrong. | ""tied in bunches along the shank"" omits the defining technique — each bunch is folded back on itself over the thread, which is what gives the fibre mass its density and its cut edge. | ""white belly, olive back"" is a fine colourway but the prompt omits the flash layered between the fibre bunches, which every source includes.",medium
ep-baitfish-white,fly-variant,flies,fal-ai/nano-banana-2,"Ultra-detailed macro product photograph of a single real fly-fishing fly on a seamless pure white background, studio softbox lighting, sharp focus, side profile view, no hands, no text. The fly is an ""EP Baitfish"" in the White colour variant. Short-shank, wide-gap stainless saltwater hook, size 1/0. Construction: successive bunches of translucent EP synthetic fibres tied in along the shank and folded back over themselves — white on the belly, olive on the back, with a few strands of pearl and silver flash sandwiched between the layers — building a deep, slab-sided body whose bulk extends well past the hook bend, then scissor-trimmed to a clean tapered baitfish silhouette with a cut edge. A large stick-on 3D eye on each side of the head, set in a small bead of clear resin, and faint dark marker barring on the olive back. The fibres are translucent so light passes through the edges of the body. Unweighted, no dumbbell eyes. This fly is not inverted: hook rides point-DOWN, hook point facing DOWN, the fibre body built on top of and around the shank. Only one fly, hook bend and point clearly visible. COLOURWAY: this is the White version — White EP fiber. Keep the construction above exactly as described and change only the colours to match this colourway. (Fished for: Standard)",rebuilt-from-corrected-base,Construction inherited from corrected base `ep-baitfish`.,medium
ep-baitfish-olive-white,fly-variant,flies,fal-ai/nano-banana-2,"Ultra-detailed macro product photograph of a single real fly-fishing fly on a seamless pure white background, studio softbox lighting, sharp focus, side profile view, no hands, no text. The fly is an ""EP Baitfish"" in the Olive/White colour variant. Short-shank, wide-gap stainless saltwater hook, size 1/0. Construction: successive bunches of translucent EP synthetic fibres tied in along the shank and folded back over themselves — white on the belly, olive on the back, with a few strands of pearl and silver flash sandwiched between the layers — building a deep, slab-sided body whose bulk extends well past the hook bend, then scissor-trimmed to a clean tapered baitfish silhouette with a cut edge. A large stick-on 3D eye on each side of the head, set in a small bead of clear resin, and faint dark marker barring on the olive back. The fibres are translucent so light passes through the edges of the body. Unweighted, no dumbbell eyes. This fly is not inverted: hook rides point-DOWN, hook point facing DOWN, the fibre body built on top of and around the shank. Only one fly, hook bend and point clearly visible. COLOURWAY: this is the Olive/White version — Olive back. Keep the construction above exactly as described and change only the colours to match this colourway. (Fished for: Pilchards, mullet)",rebuilt-from-corrected-base,Construction inherited from corrected base `ep-baitfish`.,medium
ep-baitfish-gray-white,fly-variant,flies,fal-ai/nano-banana-2,"Ultra-detailed macro product photograph of a single real fly-fishing fly on a seamless pure white background, studio softbox lighting, sharp focus, side profile view, no hands, no text. The fly is an ""EP Baitfish"" in the Gray/White colour variant. Short-shank, wide-gap stainless saltwater hook, size 1/0. Construction: successive bunches of translucent EP synthetic fibres tied in along the shank and folded back over themselves — white on the belly, olive on the back, with a few strands of pearl and silver flash sandwiched between the layers — building a deep, slab-sided body whose bulk extends well past the hook bend, then scissor-trimmed to a clean tapered baitfish silhouette with a cut edge. A large stick-on 3D eye on each side of the head, set in a small bead of clear resin, and faint dark marker barring on the olive back. The fibres are translucent so light passes through the edges of the body. Unweighted, no dumbbell eyes. This fly is not inverted: hook rides point-DOWN, hook point facing DOWN, the fibre body built on top of and around the shank. Only one fly, hook bend and point clearly visible. COLOURWAY: this is the Gray/White version — Gray back. Keep the construction above exactly as described and change only the colours to match this colourway. (Fished for: Menhaden, clear water)",rebuilt-from-corrected-base,Construction inherited from corrected base `ep-baitfish`.,medium
hollow-fleye,fly,flies,fal-ai/nano-banana-2,"Ultra-detailed macro product photograph of a single real fly-fishing fly on a seamless pure white background, studio softbox lighting, sharp focus, side profile view, no hands, no text. The fly is a ""Hollow Fleye"". Short-shank, wide-gap stainless saltwater hook, size 3/0. Construction: three to five successive bunches of white bucktail spun ALL THE WAY AROUND the shank, each bunch tied in pointing FORWARD over the hook eye and then pushed rearward by thread wraps taken only in front of the tie-in point, so the hair flares outward and stands hollow away from the shank rather than lying flat — the rearmost bunch longest and each bunch in front of it about two thirds to three quarters as long, so the fly builds into a big, airy, translucent, tapered baitfish profile whose exposed butt ends form the tail. A few strands of pearl flash between bunches. At the head, a small thread head sealed with cement and a 1/4-inch tab prismatic stick-on eye on each side. No body, no separate tail material, unweighted, no dumbbell eyes. This fly is not inverted: hook rides point-DOWN, hook point facing DOWN, bucktail flared all around and above the shank. Only one fly, hook bend and point clearly visible.",minor,"""tied reverse (pointing forward then folded back)"" — it is not folded. The bucktail is tied in pointing forward and then pushed back by thread wraps built only in front of the tie-in point; nothing is folded over. 'Folded back' will make the model draw a Thunder Creek-style bullet head instead of the airy hollow flare. | ""Long saltwater hook"" — the standard Hollow Fleye is tied on a short-shank hook; the long shank is the exception for 10-inch flies. At the stated sizes 1/0-4/0 a short-shank wide-gap hook is correct. | ""big eyes"" is unspecific; sources give tab prismatic stick-on eyes about 1/",high
surf-candy,fly,flies,fal-ai/nano-banana-2,"Ultra-detailed macro product photograph of a single real fly-fishing fly on a seamless pure white background, studio softbox lighting, sharp focus, side profile view, no hands, no text. The fly is a ""Surf Candy"". Short-shank stainless saltwater hook, size 1/0. Construction from the eye back: a slim layered wing of stiff translucent Ultra Hair tied in at the head — clear-white underneath, six to eight strands of pearl flash in the middle, olive over the top — swept back well past the bend and tapering to a loose, translucent, hair-tip tail; beneath the wing a body of flat silver mylar tinsel wrapped along the shank; the forward portion of the fly, from the head back roughly to the hook point, encased in smooth thin layers of clear five-minute epoxy built into a hard, glassy, translucent tapered head (sources vary on how far back the resin runs — some coat from the bend all the way through the hook eye); a domed 3D prism stick-on eye embedded in the resin on each side, and a short red gill slash drawn in marker under the resin. Unweighted apart from the resin, no dumbbell eyes. This fly is not inverted: hook rides point-DOWN, hook point facing DOWN, materials on top of the shank. Only one fly, hook bend and point clearly visible.",minor,"""a painted eye and gill"" — the eyes are 3D PRISM or self-adhesive stick-on eyes pressed into the resin between coats, not painted. That is a visible difference: a Surf Candy has a domed, reflective stick-on eye embedded in clear epoxy. The gill is a marker slash, also under the resin. | ""a slim body of olive-over-white synthetic hair"" omits the flat silver mylar tinsel body wrapped on the shank beneath the hair, which shows through the resin, and the flash layer sandwiched between the white and olive hair. | ""coated in clear epoxy over the front half"" — sources differ on extent. The Global Fly",high
surf-candy-olive-white,fly-variant,flies,fal-ai/nano-banana-2,"Ultra-detailed macro product photograph of a single real fly-fishing fly on a seamless pure white background, studio softbox lighting, sharp focus, side profile view, no hands, no text. The fly is a ""Surf Candy"" in the Olive/White colour variant. Short-shank stainless saltwater hook, size 1/0. Construction from the eye back: a slim layered wing of stiff translucent Ultra Hair tied in at the head — clear-white underneath, six to eight strands of pearl flash in the middle, olive over the top — swept back well past the bend and tapering to a loose, translucent, hair-tip tail; beneath the wing a body of flat silver mylar tinsel wrapped along the shank; the forward portion of the fly, from the head back roughly to the hook point, encased in smooth thin layers of clear five-minute epoxy built into a hard, glassy, translucent tapered head (sources vary on how far back the resin runs — some coat from the bend all the way through the hook eye); a domed 3D prism stick-on eye embedded in the resin on each side, and a short red gill slash drawn in marker under the resin. Unweighted apart from the resin, no dumbbell eyes. This fly is not inverted: hook rides point-DOWN, hook point facing DOWN, materials on top of the shank. Only one fly, hook bend and point clearly visible. COLOURWAY: this is the Olive/White version — Olive back, white belly. Keep the construction above exactly as described and change only the colours to match this colourway. (Fished for: Bay anchovy, sand eel)",rebuilt-from-corrected-base,Construction inherited from corrected base `surf-candy`.,high
surf-candy-chartreuse-white,fly-variant,flies,fal-ai/nano-banana-2,"Ultra-detailed macro product photograph of a single real fly-fishing fly on a seamless pure white background, studio softbox lighting, sharp focus, side profile view, no hands, no text. The fly is a ""Surf Candy"" in the Chartreuse/White colour variant. Short-shank stainless saltwater hook, size 1/0. Construction from the eye back: a slim layered wing of stiff translucent Ultra Hair tied in at the head — clear-white underneath, six to eight strands of pearl flash in the middle, olive over the top — swept back well past the bend and tapering to a loose, translucent, hair-tip tail; beneath the wing a body of flat silver mylar tinsel wrapped along the shank; the forward portion of the fly, from the head back roughly to the hook point, encased in smooth thin layers of clear five-minute epoxy built into a hard, glassy, translucent tapered head (sources vary on how far back the resin runs — some coat from the bend all the way through the hook eye); a domed 3D prism stick-on eye embedded in the resin on each side, and a short red gill slash drawn in marker under the resin. Unweighted apart from the resin, no dumbbell eyes. This fly is not inverted: hook rides point-DOWN, hook point facing DOWN, materials on top of the shank. Only one fly, hook bend and point clearly visible. COLOURWAY: this is the Chartreuse/White version — Chartreuse back. Keep the construction above exactly as described and change only the colours to match this colourway. (Fished for: Stained water)",rebuilt-from-corrected-base,Construction inherited from corrected base `surf-candy`.,high
gummy-minnow,fly,flies,fal-ai/nano-banana-2,"Ultra-detailed macro product photograph of a single real fly-fishing fly on a seamless pure white background, studio softbox lighting, sharp focus, side profile view, no hands, no text. The fly is a ""Gummy Minnow"". Short-shank stainless saltwater hook, size 2. Construction: a body cut from soft self-adhesive translucent silicone sheet folded around the shank and sealed to itself — pearlescent on the belly and flanks, a moss-green olive strip laid over the back, and a clear outer layer over the whole thing — then scissor-trimmed to a small minnow silhouette with a forked tail extending past the hook bend and a slim pinched waist at the tail root. A large 3/16-inch super-pearl stick-on 3D eye on each side of the head, disproportionately big for the fly. Glossy, wet-looking and semi-transparent, so light passes through the body and the hook shank is faintly visible inside it. Unweighted, no dumbbell eyes. This fly is not inverted: hook rides point-DOWN, hook point facing DOWN, the silicone body enclosing the shank. Only one fly, hook bend and point clearly visible.",minor,"""a small eye"" — the Gummy Minnow's eye is conspicuously LARGE: 3/16-inch super-pearl stick-on eyes, disproportionately big on the head. 'Small eye' produces the wrong silhouette. | ""A soft translucent silicone sheet body"" with no back colour — the standard fly has a moss-green or olive strip over the back against a pearl body, which is the whole point of the layered construction. Without it the model draws a plain clear fish. | ""silver flash inside"" is loose; what is inside is a pearlescent Crystal Skin / Sili Skin layer rather than loose flash strands. | The prompt omits the shape: the body i",medium
ep-sand-eel,fly,flies,fal-ai/nano-banana-2,"Ultra-detailed macro product photograph of a single real fly-fishing fly on a seamless pure white background, studio softbox lighting, sharp focus, side profile view, no hands, no text. The fly is an ""EP Sand Eel"". Short-shank, wide-gap stainless saltwater hook, size 1. Construction: sparse bunches of translucent EP synthetic fibres tied in along the shank and folded back over themselves — a white belly under an olive-and-tan back, with three or four strands of pearl flash between the layers — then trimmed into a very long, very slim, round-sectioned eel profile that extends roughly twice the hook length past the bend and tapers to a fine hair point rather than a cut tail. A small stick-on eye on each side of the head, set in a bead of clear UV resin that forms a smooth tapered nose. Unweighted or very lightly weighted. This fly is not inverted and has no dumbbell eyes: hook rides point-DOWN, hook point facing DOWN, materials on top of and around the shank. Only one fly, hook bend and point clearly visible.",uncertain,"""Long saltwater hook"" is probably wrong. EP-fibre patterns are built on SHORT-shank wide-gap hooks with the fibre body doing the length; a long shank would put the hook point too far back in a slim eel body. Sources for EP-style baitfish consistently specify Gamakatsu SC15-type short-shank hooks. (Sand-eel patterns from other tyers do use long-shank or tarpon hooks, so this is a genuine range, not a certainty.) | ""small eyes"" and ""slim profile"" are so generic they give the model almost nothing. No fibre-layering method, no flash, no head resin, no length ratio.",low
gotcha,fly,flies,fal-ai/nano-banana-2,"Ultra-detailed macro product photograph of a single real fly-fishing fly on a seamless pure white background, studio softbox lighting, sharp focus, side profile view, no hands, no text. The fly is a ""Gotcha"". Standard-length stainless saltwater hook, size 4. Construction from the eye back: a prominent, glossy, built-up pale-pink thread head at the very front; then medium silver bead-chain eyes lashed across the shank with figure-eight wraps about two hook-eye widths back from the hook eye; behind the eyes a sparse tan craft-fur wing tied on the hook-point side of the shank, one and a half to two shank lengths long and sweeping well past the bend, with three or four strands of pearl Krystal Flash through it; a body of flat pearl Diamond Braid wrapped in overlapping turns along the shank and figure-eighted around the eyes; and at the bend a tail of the same pearl braid, shredded and picked out into a fan about one shank length past the bend. The craft-fur wing and the hook point are on the SAME side of the shank and the fly fishes upside down: show the hook point facing UP with the tan wing directly above the shank on the same side as the point, screening the point, the pearl braid body below, and the bead-chain eyes straddling the shank just behind the pink head. Only one fly, hook bend and point clearly visible.",wrong,"KNOWN SYSTEMIC BUG PRESENT: the inverted-orientation paragraph is pasted in TWICE, verbatim. The paragraph is appropriate here but the duplicate must go. | ""a short sparse tail of pearl flash fibers about half the shank length"" — wrong material and wrong length. The tail is flat pearl Diamond/mylar BRAID, shredded and picked out into a fan, and it extends about one full shank length past the bend. | ""a slim pearl mylar tinsel body"" — the body is flat pearl Diamond Braid wrapped in overlapping turns and figure-eighted around the eyes, a fatter, more textured look than plain mylar tinsel. | ""sil",medium
gotcha-pink,fly-variant,flies,fal-ai/nano-banana-2,"Ultra-detailed macro product photograph of a single real fly-fishing fly on a seamless pure white background, studio softbox lighting, sharp focus, side profile view, no hands, no text. The fly is a ""Gotcha"" in the Pink colour variant. Standard-length stainless saltwater hook, size 4. Construction from the eye back: a prominent, glossy, built-up pale-pink thread head at the very front; then medium silver bead-chain eyes lashed across the shank with figure-eight wraps about two hook-eye widths back from the hook eye; behind the eyes a sparse tan craft-fur wing tied on the hook-point side of the shank, one and a half to two shank lengths long and sweeping well past the bend, with three or four strands of pearl Krystal Flash through it; a body of flat pearl Diamond Braid wrapped in overlapping turns along the shank and figure-eighted around the eyes; and at the bend a tail of the same pearl braid, shredded and picked out into a fan about one shank length past the bend. The craft-fur wing and the hook point are on the SAME side of the shank and the fly fishes upside down: show the hook point facing UP with the tan wing directly above the shank on the same side as the point, screening the point, the pearl braid body below, and the bead-chain eyes straddling the shank just behind the pink head. Only one fly, hook bend and point clearly visible. COLOURWAY: this is the Pink version — Pink head, pearl body, tan wing. Keep the construction above exactly as described and change only the colours to match this colourway. (Fished for: Standard Belize/Bahamas)",rebuilt-from-corrected-base,Construction inherited from corrected base `gotcha`.,medium
gotcha-tan,fly-variant,flies,fal-ai/nano-banana-2,"Ultra-detailed macro product photograph of a single real fly-fishing fly on a seamless pure white background, studio softbox lighting, sharp focus, side profile view, no hands, no text. The fly is a ""Gotcha"" in the Tan (Bonefish Special) colour variant. Standard-length stainless saltwater hook, size 4. Construction from the eye back: a prominent, glossy, built-up pale-pink thread head at the very front; then medium silver bead-chain eyes lashed across the shank with figure-eight wraps about two hook-eye widths back from the hook eye; behind the eyes a sparse tan craft-fur wing tied on the hook-point side of the shank, one and a half to two shank lengths long and sweeping well past the bend, with three or four strands of pearl Krystal Flash through it; a body of flat pearl Diamond Braid wrapped in overlapping turns along the shank and figure-eighted around the eyes; and at the bend a tail of the same pearl braid, shredded and picked out into a fan about one shank length past the bend. The craft-fur wing and the hook point are on the SAME side of the shank and the fly fishes upside down: show the hook point facing UP with the tan wing directly above the shank on the same side as the point, screening the point, the pearl braid body below, and the bead-chain eyes straddling the shank just behind the pink head. Only one fly, hook bend and point clearly visible. COLOURWAY: this is the Tan (Bonefish Special) version — Tan head, orange body, tan wing. Keep the construction above exactly as described and change only the colours to match this colourway. (Fished for: Bahamas, sand flats)",rebuilt-from-corrected-base,Construction inherited from corrected base `gotcha`.,medium
gotcha-chartreuse,fly-variant,flies,fal-ai/nano-banana-2,"Ultra-detailed macro product photograph of a single real fly-fishing fly on a seamless pure white background, studio softbox lighting, sharp focus, side profile view, no hands, no text. The fly is a ""Gotcha"" in the Chartreuse colour variant. Standard-length stainless saltwater hook, size 4. Construction from the eye back: a prominent, glossy, built-up pale-pink thread head at the very front; then medium silver bead-chain eyes lashed across the shank with figure-eight wraps about two hook-eye widths back from the hook eye; behind the eyes a sparse tan craft-fur wing tied on the hook-point side of the shank, one and a half to two shank lengths long and sweeping well past the bend, with three or four strands of pearl Krystal Flash through it; a body of flat pearl Diamond Braid wrapped in overlapping turns along the shank and figure-eighted around the eyes; and at the bend a tail of the same pearl braid, shredded and picked out into a fan about one shank length past the bend. The craft-fur wing and the hook point are on the SAME side of the shank and the fly fishes upside down: show the hook point facing UP with the tan wing directly above the shank on the same side as the point, screening the point, the pearl braid body below, and the bead-chain eyes straddling the shank just behind the pink head. Only one fly, hook bend and point clearly visible. COLOURWAY: this is the Chartreuse version — Pink head, chartreuse wing. Keep the construction above exactly as described and change only the colours to match this colourway. (Fished for: Turtle grass, off-color water)",rebuilt-from-corrected-base,Construction inherited from corrected base `gotcha`.,medium
crazy-charlie,fly,flies,fal-ai/nano-banana-2,"Ultra-detailed macro product photograph of a single real fly-fishing fly on a seamless pure white background, studio softbox lighting, sharp focus, side profile view, no hands, no text. The fly is a ""Crazy Charlie"". Short-shank stainless saltwater hook, size 6. Construction from the eye back: a small neat thread head; then silver bead-chain eyes lashed across the shank with figure-eight wraps two or three hook-eye lengths back from the hook eye; immediately behind the eyes a sparse, deliberately unstacked white calf-tail wing tied on the hook-point side of the shank with ragged staggered tips reaching just past the hook bend, and a few strands of pearl Krystal Flash laid over it as a topping; and along the whole shank a body of pearl Krystal Flash wrapped as an underbody and figure-eighted around the eyes, then overwrapped with clear D-Rib so the pearl flash glows through the translucent segmented rib. There is NO tail. Classic white and pearl. The calf-tail wing and the hook point are on the SAME side of the shank and the fly fishes upside down: show the hook point facing UP with the white wing directly above the shank on the same side as the point, and the translucent ribbed pearl body below the shank. Only one fly, hook bend and point clearly visible.",wrong,"KNOWN SYSTEMIC BUG PRESENT: the inverted-orientation paragraph is pasted in TWICE, verbatim. The paragraph is correct for this pattern but the duplicate must be removed. | ""a body of clear vinyl rib over pink flash"" — the underbody flash is PEARL (Krystal Flash or Flashabou), not pink. Pink is a wing/thread colourway variant, not the standard underbody. The classic reads as a translucent silver-pearl body. | ""Silver bead-chain eyes just behind the hook eye"" — Charlie's Fly Box specifies two or three hook-eye lengths back from the hook eye, leaving a short bare front. | ""a sparse white calf-tai",high
crazy-charlie-pink,fly-variant,flies,fal-ai/nano-banana-2,"Ultra-detailed macro product photograph of a single real fly-fishing fly on a seamless pure white background, studio softbox lighting, sharp focus, side profile view, no hands, no text. The fly is a ""Crazy Charlie"" in the Pink colour variant. Short-shank stainless saltwater hook, size 6. Construction from the eye back: a small neat thread head; then silver bead-chain eyes lashed across the shank with figure-eight wraps two or three hook-eye lengths back from the hook eye; immediately behind the eyes a sparse, deliberately unstacked white calf-tail wing tied on the hook-point side of the shank with ragged staggered tips reaching just past the hook bend, and a few strands of pearl Krystal Flash laid over it as a topping; and along the whole shank a body of pearl Krystal Flash wrapped as an underbody and figure-eighted around the eyes, then overwrapped with clear D-Rib so the pearl flash glows through the translucent segmented rib. There is NO tail. Classic white and pearl. The calf-tail wing and the hook point are on the SAME side of the shank and the fly fishes upside down: show the hook point facing UP with the white wing directly above the shank on the same side as the point, and the translucent ribbed pearl body below the shank. Only one fly, hook bend and point clearly visible. COLOURWAY: this is the Pink version — Pink body, white calf tail. Keep the construction above exactly as described and change only the colours to match this colourway. (Fished for: Standard)",rebuilt-from-corrected-base,Construction inherited from corrected base `crazy-charlie`.,high
crazy-charlie-tan,fly-variant,flies,fal-ai/nano-banana-2,"Ultra-detailed macro product photograph of a single real fly-fishing fly on a seamless pure white background, studio softbox lighting, sharp focus, side profile view, no hands, no text. The fly is a ""Crazy Charlie"" in the Tan colour variant. Short-shank stainless saltwater hook, size 6. Construction from the eye back: a small neat thread head; then silver bead-chain eyes lashed across the shank with figure-eight wraps two or three hook-eye lengths back from the hook eye; immediately behind the eyes a sparse, deliberately unstacked white calf-tail wing tied on the hook-point side of the shank with ragged staggered tips reaching just past the hook bend, and a few strands of pearl Krystal Flash laid over it as a topping; and along the whole shank a body of pearl Krystal Flash wrapped as an underbody and figure-eighted around the eyes, then overwrapped with clear D-Rib so the pearl flash glows through the translucent segmented rib. There is NO tail. Classic white and pearl. The calf-tail wing and the hook point are on the SAME side of the shank and the fly fishes upside down: show the hook point facing UP with the white wing directly above the shank on the same side as the point, and the translucent ribbed pearl body below the shank. Only one fly, hook bend and point clearly visible. COLOURWAY: this is the Tan version — Tan body and wing. Keep the construction above exactly as described and change only the colours to match this colourway. (Fished for: White sand flats)",rebuilt-from-corrected-base,Construction inherited from corrected base `crazy-charlie`.,high
crazy-charlie-white,fly-variant,flies,fal-ai/nano-banana-2,"Ultra-detailed macro product photograph of a single real fly-fishing fly on a seamless pure white background, studio softbox lighting, sharp focus, side profile view, no hands, no text. The fly is a ""Crazy Charlie"" in the White colour variant. Short-shank stainless saltwater hook, size 6. Construction from the eye back: a small neat thread head; then silver bead-chain eyes lashed across the shank with figure-eight wraps two or three hook-eye lengths back from the hook eye; immediately behind the eyes a sparse, deliberately unstacked white calf-tail wing tied on the hook-point side of the shank with ragged staggered tips reaching just past the hook bend, and a few strands of pearl Krystal Flash laid over it as a topping; and along the whole shank a body of pearl Krystal Flash wrapped as an underbody and figure-eighted around the eyes, then overwrapped with clear D-Rib so the pearl flash glows through the translucent segmented rib. There is NO tail. Classic white and pearl. The calf-tail wing and the hook point are on the SAME side of the shank and the fly fishes upside down: show the hook point facing UP with the white wing directly above the shank on the same side as the point, and the translucent ribbed pearl body below the shank. Only one fly, hook bend and point clearly visible. COLOURWAY: this is the White version — Pearl body, white wing. Keep the construction above exactly as described and change only the colours to match this colourway. (Fished for: Bright sun, white marl)",rebuilt-from-corrected-base,Construction inherited from corrected base `crazy-charlie`.,high
bonefish-bitters,fly,flies,fal-ai/nano-banana-2,"Ultra-detailed macro product photograph of a single real fly-fishing fly on a seamless pure white background, studio softbox lighting, sharp focus, side profile view, no hands, no text. The fly is a ""Bonefish Bitters"". Small short-shank saltwater hook, size 6. From the hook eye back: the front half of the shank is encased in a smooth glossy teardrop of amber-tan epoxy/hot-melt glue, with small silver bead-chain eyes embedded in that teardrop about midway along the shank; from the rear of the epoxy blob a short sparse bunch of tan deer hair projects back about one shank length past the bend, and six to eight fine tan rubber legs, slightly longer than the hair, splay out to the sides from the same point. No wing. The fly rides inverted: the hook point and the deer-hair tail are on the SAME side of the shank and are shown facing UP, while the bead-chain eyes sit on the OPPOSITE side, hanging beneath the shank. Only one fly, hook bend and point clearly visible.",wrong,The whole inverted-orientation paragraph is DUPLICATED verbatim in the prompt ('The wing/hair and weighted eyes are tied on the SAME side of the shank as the hook point... ' appears twice) - systemic paste bug. | 'The wing/hair and weighted eyes are tied on the SAME side of the shank' - physically backwards. The weighted/bead-chain eyes must be on the OPPOSITE side of the shank from the hook point (i.e. hanging underneath the shank once the fly is inverted); it is the weight below the shank that holds the point up. | 'a short sparse hair wing' - the Bitters has no wing. The deer hair/bucktail ,high
ep-shrimp,fly,flies,fal-ai/nano-banana-2,"Ultra-detailed macro product photograph of a single real fly-fishing fly on a seamless pure white background, studio softbox lighting, sharp focus, side profile view, no hands, no text. The fly is an ""EP Spawning Shrimp"". Straight-eye saltwater hook, size 4. From the hook eye back: a small lead dumbbell (or silver bead-chain) pair of eyes just behind the hook eye and a loop of clear monofilament weedguard; then a shaggy, semi-translucent tan body of brushed-out EP fibre wrapped along the shank and trimmed to a tapered shrimp profile; small black mono crab eyes on short stalks and a few tan barred rubber legs and two or three strands of black Krystal Flash sweeping back past the bend as antennae; and at the REAR of the body, over the bend, a compact hot-orange ball of dubbing as the spawning egg mass. The fly rides inverted: the hook point and the shrimp's dressing are on the SAME side of the shank and are shown facing UP, while the weighted eyes sit on the OPPOSITE side, hanging beneath the shank behind the hook eye. Only one fly, hook bend and point clearly visible.",wrong,"The inverted-orientation paragraph is DUPLICATED verbatim - systemic paste bug. | 'The wing/hair and weighted eyes are tied on the SAME side of the shank' - backwards; the lead/bead-chain eyes belong on the opposite side of the shank from the point. Also there is no 'wing' on this fly at all, so the boilerplate wording does not describe anything present. | 'a small orange egg cluster underneath' - the orange egg mass is at the REAR of the fly, built as a ball on the back third of the shank near the bend, not slung under the middle of the body. | 'a tan segmented EP-fiber body' - the body is a ",medium
ep-shrimp-tan,fly-variant,flies,fal-ai/nano-banana-2,"Ultra-detailed macro product photograph of a single real fly-fishing fly on a seamless pure white background, studio softbox lighting, sharp focus, side profile view, no hands, no text. The fly is an ""EP Spawning Shrimp"" in the Tan colour variant. Straight-eye saltwater hook, size 4. From the hook eye back: a small lead dumbbell (or silver bead-chain) pair of eyes just behind the hook eye and a loop of clear monofilament weedguard; then a shaggy, semi-translucent tan body of brushed-out EP fibre wrapped along the shank and trimmed to a tapered shrimp profile; small black mono crab eyes on short stalks and a few tan barred rubber legs and two or three strands of black Krystal Flash sweeping back past the bend as antennae; and at the REAR of the body, over the bend, a compact hot-orange ball of dubbing as the spawning egg mass. The fly rides inverted: the hook point and the shrimp's dressing are on the SAME side of the shank and are shown facing UP, while the weighted eyes sit on the OPPOSITE side, hanging beneath the shank behind the hook eye. Only one fly, hook bend and point clearly visible. COLOURWAY: this is the Tan version — Tan EP, orange egg sac. Keep the construction above exactly as described and change only the colours to match this colourway. (Fished for: Standard)",rebuilt-from-corrected-base,Construction inherited from corrected base `ep-shrimp`.,medium
ep-shrimp-olive,fly-variant,flies,fal-ai/nano-banana-2,"Ultra-detailed macro product photograph of a single real fly-fishing fly on a seamless pure white background, studio softbox lighting, sharp focus, side profile view, no hands, no text. The fly is an ""EP Spawning Shrimp"" in the Olive colour variant. Straight-eye saltwater hook, size 4. From the hook eye back: a small lead dumbbell (or silver bead-chain) pair of eyes just behind the hook eye and a loop of clear monofilament weedguard; then a shaggy, semi-translucent tan body of brushed-out EP fibre wrapped along the shank and trimmed to a tapered shrimp profile; small black mono crab eyes on short stalks and a few tan barred rubber legs and two or three strands of black Krystal Flash sweeping back past the bend as antennae; and at the REAR of the body, over the bend, a compact hot-orange ball of dubbing as the spawning egg mass. The fly rides inverted: the hook point and the shrimp's dressing are on the SAME side of the shank and are shown facing UP, while the weighted eyes sit on the OPPOSITE side, hanging beneath the shank behind the hook eye. Only one fly, hook bend and point clearly visible. COLOURWAY: this is the Olive version — Olive EP. Keep the construction above exactly as described and change only the colours to match this colourway. (Fished for: Grass flats)",rebuilt-from-corrected-base,Construction inherited from corrected base `ep-shrimp`.,medium
mantis-shrimp,fly,flies,fal-ai/nano-banana-2,"Ultra-detailed macro product photograph of a single real fly-fishing fly on a seamless pure white background, studio softbox lighting, sharp focus, side profile view, no hands, no text. The fly is a ""Veverka's Mantis Shrimp"". Straight-eye saltwater hook, size 2. From the hook eye back: a pair of lead dumbbell eyes just behind the hook eye; then a translucent spiky body dubbed from tan craft fur in three segments, with a set of fine tan rubber legs splayed out to the sides between each segment (three sets in all); a strip of tan rabbit fur pulled over the top of the body as a carapace and coated with thin clear UV resin; and at the bend, two large black burnt-monofilament eyes on short stalks, a few strands of pearl Krystal Flash as long antennae, and a soft tan craft-fur tail. Sand-tan overall. The fly rides inverted: the hook point and all the dressing are on the SAME side of the shank and are shown facing UP, while the dumbbell eyes sit on the OPPOSITE side, hanging beneath the shank behind the hook eye. Only one fly, hook bend and point clearly visible.",wrong,"The inverted-orientation paragraph is DUPLICATED verbatim - systemic paste bug. | 'The wing/hair and weighted eyes are tied on the SAME side of the shank' - backwards; the dumbbell eyes must be on the opposite side of the shank from the hook point. There is also no wing on this fly. | 'rubber-leg antennae' - the antennae are strands of tan or pearl Krystal Flash. The rubber legs are not antennae; they are three separate sets spaced along the BODY. | 'dubbed segmented body with legs underneath' - the legs are in three sets spread along the length of the body and splay out to the sides, not mass",high
mantis-shrimp-tan,fly-variant,flies,fal-ai/nano-banana-2,"Ultra-detailed macro product photograph of a single real fly-fishing fly on a seamless pure white background, studio softbox lighting, sharp focus, side profile view, no hands, no text. The fly is a ""Veverka's Mantis Shrimp"" in the Tan colour variant. Straight-eye saltwater hook, size 2. From the hook eye back: a pair of lead dumbbell eyes just behind the hook eye; then a translucent spiky body dubbed from tan craft fur in three segments, with a set of fine tan rubber legs splayed out to the sides between each segment (three sets in all); a strip of tan rabbit fur pulled over the top of the body as a carapace and coated with thin clear UV resin; and at the bend, two large black burnt-monofilament eyes on short stalks, a few strands of pearl Krystal Flash as long antennae, and a soft tan craft-fur tail. Sand-tan overall. The fly rides inverted: the hook point and all the dressing are on the SAME side of the shank and are shown facing UP, while the dumbbell eyes sit on the OPPOSITE side, hanging beneath the shank behind the hook eye. Only one fly, hook bend and point clearly visible. COLOURWAY: this is the Tan version — Tan. Keep the construction above exactly as described and change only the colours to match this colourway. (Fished for: White sand)",rebuilt-from-corrected-base,Construction inherited from corrected base `mantis-shrimp`.,high
mantis-shrimp-olive,fly-variant,flies,fal-ai/nano-banana-2,"Ultra-detailed macro product photograph of a single real fly-fishing fly on a seamless pure white background, studio softbox lighting, sharp focus, side profile view, no hands, no text. The fly is a ""Veverka's Mantis Shrimp"" in the Olive colour variant. Straight-eye saltwater hook, size 2. From the hook eye back: a pair of lead dumbbell eyes just behind the hook eye; then a translucent spiky body dubbed from tan craft fur in three segments, with a set of fine tan rubber legs splayed out to the sides between each segment (three sets in all); a strip of tan rabbit fur pulled over the top of the body as a carapace and coated with thin clear UV resin; and at the bend, two large black burnt-monofilament eyes on short stalks, a few strands of pearl Krystal Flash as long antennae, and a soft tan craft-fur tail. Sand-tan overall. The fly rides inverted: the hook point and all the dressing are on the SAME side of the shank and are shown facing UP, while the dumbbell eyes sit on the OPPOSITE side, hanging beneath the shank behind the hook eye. Only one fly, hook bend and point clearly visible. COLOURWAY: this is the Olive version — Olive. Keep the construction above exactly as described and change only the colours to match this colourway. (Fished for: Grass and coral)",rebuilt-from-corrected-base,Construction inherited from corrected base `mantis-shrimp`.,high
merkin,fly,flies,fal-ai/nano-banana-2,"Ultra-detailed macro product photograph of a single real fly-fishing fly on a seamless pure white background, studio softbox lighting, sharp focus, side profile view, no hands, no text. The fly is a ""Merkin (Del Brown's Permit Fly)"". Straight-eye saltwater hook, size 2. From the hook eye back: a pair of heavy plated lead dumbbell eyes about two eye-widths behind the hook eye; then the body - about five crosswise bunches of tan acrylic rug yarn X-wrapped onto the shank and trimmed into a flat, dense oval crab carapace, narrowest at the hook eye and widest at the bend; four white square rubber legs with red-marked tips knotted in between the yarn bunches and sticking out sideways along the whole body; and at the bend, four splayed brown barred-ginger neck hackle tips about a shank length long as the crab's claws, with three or four strands of pearl Flashabou over them in a narrow V. The fly rides inverted: the hook point is on the SAME side of the shank as the claws and is shown facing UP, while the lead dumbbell eyes sit on the OPPOSITE side, hanging beneath the shank behind the hook eye. Only one fly, hook bend and point clearly visible.",wrong,"The inverted-orientation paragraph is DUPLICATED verbatim - systemic paste bug. | 'The wing/hair and weighted eyes are tied on the SAME side of the shank as the hook point' - backwards. Sea Island's step-by-step is explicit: 'Tie the dumbbell eyes right behind the eye of the hook on the top of the hook. This will make the hook point ride up.' In the finished fly the eyes hang BELOW the shank while the point is up. There is also no wing on a Merkin. | 'splayed grizzly hackle tips' - wrong feather. The claws are brown, cree or barred-ginger neck hackle tips; grizzly (black-and-white barred) is n",high
merkin-tan,fly-variant,flies,fal-ai/nano-banana-2,"Ultra-detailed macro product photograph of a single real fly-fishing fly on a seamless pure white background, studio softbox lighting, sharp focus, side profile view, no hands, no text. The fly is a ""Merkin (Del Brown's Permit Fly)"" in the Tan colour variant. Straight-eye saltwater hook, size 2. From the hook eye back: a pair of heavy plated lead dumbbell eyes about two eye-widths behind the hook eye; then the body - about five crosswise bunches of tan acrylic rug yarn X-wrapped onto the shank and trimmed into a flat, dense oval crab carapace, narrowest at the hook eye and widest at the bend; four white square rubber legs with red-marked tips knotted in between the yarn bunches and sticking out sideways along the whole body; and at the bend, four splayed brown barred-ginger neck hackle tips about a shank length long as the crab's claws, with three or four strands of pearl Flashabou over them in a narrow V. The fly rides inverted: the hook point is on the SAME side of the shank as the claws and is shown facing UP, while the lead dumbbell eyes sit on the OPPOSITE side, hanging beneath the shank behind the hook eye. Only one fly, hook bend and point clearly visible. COLOURWAY: this is the Tan version — Tan yarn, tan legs. Keep the construction above exactly as described and change only the colours to match this colourway. (Fished for: Sand and marl flats)",rebuilt-from-corrected-base,Construction inherited from corrected base `merkin`.,high
merkin-olive,fly-variant,flies,fal-ai/nano-banana-2,"Ultra-detailed macro product photograph of a single real fly-fishing fly on a seamless pure white background, studio softbox lighting, sharp focus, side profile view, no hands, no text. The fly is a ""Merkin (Del Brown's Permit Fly)"" in the Olive colour variant. Straight-eye saltwater hook, size 2. From the hook eye back: a pair of heavy plated lead dumbbell eyes about two eye-widths behind the hook eye; then the body - about five crosswise bunches of tan acrylic rug yarn X-wrapped onto the shank and trimmed into a flat, dense oval crab carapace, narrowest at the hook eye and widest at the bend; four white square rubber legs with red-marked tips knotted in between the yarn bunches and sticking out sideways along the whole body; and at the bend, four splayed brown barred-ginger neck hackle tips about a shank length long as the crab's claws, with three or four strands of pearl Flashabou over them in a narrow V. The fly rides inverted: the hook point is on the SAME side of the shank as the claws and is shown facing UP, while the lead dumbbell eyes sit on the OPPOSITE side, hanging beneath the shank behind the hook eye. Only one fly, hook bend and point clearly visible. COLOURWAY: this is the Olive version — Olive yarn. Keep the construction above exactly as described and change only the colours to match this colourway. (Fished for: Turtle grass)",rebuilt-from-corrected-base,Construction inherited from corrected base `merkin`.,high
merkin-brown,fly-variant,flies,fal-ai/nano-banana-2,"Ultra-detailed macro product photograph of a single real fly-fishing fly on a seamless pure white background, studio softbox lighting, sharp focus, side profile view, no hands, no text. The fly is a ""Merkin (Del Brown's Permit Fly)"" in the Brown/Rust colour variant. Straight-eye saltwater hook, size 2. From the hook eye back: a pair of heavy plated lead dumbbell eyes about two eye-widths behind the hook eye; then the body - about five crosswise bunches of tan acrylic rug yarn X-wrapped onto the shank and trimmed into a flat, dense oval crab carapace, narrowest at the hook eye and widest at the bend; four white square rubber legs with red-marked tips knotted in between the yarn bunches and sticking out sideways along the whole body; and at the bend, four splayed brown barred-ginger neck hackle tips about a shank length long as the crab's claws, with three or four strands of pearl Flashabou over them in a narrow V. The fly rides inverted: the hook point is on the SAME side of the shank as the claws and is shown facing UP, while the lead dumbbell eyes sit on the OPPOSITE side, hanging beneath the shank behind the hook eye. Only one fly, hook bend and point clearly visible. COLOURWAY: this is the Brown/Rust version — Brown yarn. Keep the construction above exactly as described and change only the colours to match this colourway. (Fished for: Mud flats, Belize)",rebuilt-from-corrected-base,Construction inherited from corrected base `merkin`.,high
flexo-crab,fly,flies,fal-ai/nano-banana-2,"Ultra-detailed macro product photograph of a single real fly-fishing fly on a seamless pure white background, studio softbox lighting, sharp focus, side profile view, no hands, no text. The fly is a ""Flexo Crab"". Straight-eye saltwater hook, size 2. From the hook eye back: a pair of lead dumbbell eyes just behind the hook eye; then the carapace - a length of beige expandable braided mesh tubing tied over the shank and flexed open into a hollow, flattened oval crab shell with the woven braid texture clearly visible and faint darker barring; two large red crab eyes on short stalks project from the front of the shell; several tan micro-chenille legs and two thicker chenille claws are threaded straight through the mesh and locked with small dabs of clear resin, splaying out to both sides. The fly rides inverted: the hook point is on the SAME side of the shank as the shell's back and is shown facing UP, while the lead dumbbell eyes sit on the OPPOSITE side, hanging beneath the shank behind the hook eye. Only one fly, hook bend and point clearly visible.",wrong,The inverted-orientation paragraph is DUPLICATED verbatim - systemic paste bug. | 'The wing/hair and weighted eyes are tied on the SAME side of the shank' - backwards; the dumbbell eyes belong on the opposite side of the shank from the point. There is no wing on this fly. | 'stuffed and shaped' - wrong. The whole point of the Flexo Crab is that the mesh shell is hollow and open so 'water can easily pass through the body'; nothing is stuffed inside it. | 'painted olive-tan' - the tubing is supplied coloured (beige/tan is standard) and is at most barred with a permanent marker; it is not painted,medium
raghead-crab,fly,flies,fal-ai/nano-banana-2,"Ultra-detailed macro product photograph of a single real fly-fishing fly on a seamless pure white background, studio softbox lighting, sharp focus, side profile view, no hands, no text. The fly is a ""Raghead Crab"". Straight-eye saltwater hook, size 2. From the hook eye back: a pair of lead dumbbell eyes just behind the hook eye and a single loop of clear mono weedguard; then the body - cream-tan wool / McFly Foam tied in crosswise bunches along the shank, glued and trimmed into a fuzzy flat round crab disc; four to six medium round rubber legs sticking out sideways from the edges of the disc; two small yellow mono crab eyes on stalks; and at the bend a tan marabou plume flanked by two splayed hackle tips as the claws, with a few strands of Krystal Flash as antennae. The fly rides inverted: the hook point is on the SAME side of the shank as the crab's back and is shown facing UP, while the lead dumbbell eyes sit on the OPPOSITE side, hanging beneath the shank behind the hook eye. Only one fly, hook bend and point clearly visible.",wrong,"The inverted-orientation paragraph is DUPLICATED verbatim - systemic paste bug. | 'The wing/hair and weighted eyes are tied on the SAME side of the shank' - backwards; dumbbell eyes go on the opposite side of the shank from the point. There is no wing on this fly. | 'A round body of tan yarn trimmed flat' - the body is wool or McFly Foam, glued and trimmed; 'yarn' is the Merkin's material and the two flies should not look alike. The Raghead reads as a fuzzy, slightly shaggy disc, not as neat yarn bunches. | 'hackle-tip claws' alone - the claws are a marabou plume FLANKED by two hackle tips, so",medium
bauer-crab,fly,flies,fal-ai/nano-banana-2,"Ultra-detailed macro product photograph of a single real fly-fishing fly on a seamless pure white background, studio softbox lighting, sharp focus, side profile view, no hands, no text. The fly is a ""Bauer Crab"", a Belize permit fly. Straight-eye saltwater hook, size 4. From the hook eye back: a pair of lead dumbbell eyes just behind the hook eye; then the body - tan McFly Foam / egg yarn tied in crosswise bunches along the shank and trimmed into a thin, flat, soft-edged oval crab carapace with a small orange accent patch; two small black mono crab eyes on stalks at the front of the carapace; several flat square tan rubber legs splaying out from both sides; and a modest pair of soft splayed feather-tip claws at the bend. Thin profile overall. The fly rides inverted: the hook point is on the SAME side of the shank as the crab's back and is shown facing UP, while the lead dumbbell eyes sit on the OPPOSITE side, hanging beneath the shank behind the hook eye. Only one fly, hook bend and point clearly visible.",wrong,"The inverted-orientation paragraph is DUPLICATED verbatim - systemic paste bug. | 'The wing/hair and weighted eyes are tied on the SAME side of the shank' - backwards; the dumbbell eyes go on the opposite side of the shank from the point. There is no wing on this fly. | 'a flat oval crab body of tan synthetic fibers' - vague and slightly wrong: the published descriptions name McFly Foam / egg yarn, which trims to a soft, matte, slightly fuzzy disc rather than looking like brushed EP/synthetic fibre. | 'small lead eyes' - sources describe lead dumbbells sized to suit; the fly is explicitly desc",medium
kwan,fly,flies,fal-ai/nano-banana-2,"Ultra-detailed macro product photograph of a single real fly-fishing fly on a seamless pure white background, studio softbox lighting, sharp focus, side profile view, no hands, no text. The fly is a ""Kwan"". Straight-eye saltwater hook, size 2. From the hook eye back: a loop of stiff mono weedguard and a pair of lead dumbbell eyes just behind the hook eye; then the body - tan rug yarn tied crosswise in several segments along the shank with figure-eight wraps and trimmed to a flat crescent standing about a quarter inch off the shank; a sparse palmered hackle collar behind the body; a small hot-orange egg spot at the rear of the body; and a soft tan craft-fur tail with a few strands of flash sweeping off the bend, held clear of the shank by a fine mono anti-foul loop. The fly rides inverted: the hook point is on the SAME side of the shank as the body and tail and is shown facing UP, while the lead dumbbell eyes sit on the OPPOSITE side, hanging beneath the shank behind the hook eye. Only one fly, hook bend and point clearly visible.",wrong,"The inverted-orientation paragraph is DUPLICATED verbatim - systemic paste bug. | 'The wing/hair and weighted eyes are tied on the SAME side of the shank' - backwards; the weighted eyes go on the opposite side of the shank from the point. There is no wing on this fly. | 'a tan rabbit-strip tail off the bend' - the standard Kwan tail is CRAFT FUR (Drew Chicone's version uses coyote fur). A rabbit strip belongs only to the 'Rabbit Kwan' variant, so calling it the Kwan's tail is wrong.",medium
kwan-tan,fly-variant,flies,fal-ai/nano-banana-2,"Ultra-detailed macro product photograph of a single real fly-fishing fly on a seamless pure white background, studio softbox lighting, sharp focus, side profile view, no hands, no text. The fly is a ""Kwan"" in the Tan colour variant. Straight-eye saltwater hook, size 2. From the hook eye back: a loop of stiff mono weedguard and a pair of lead dumbbell eyes just behind the hook eye; then the body - tan rug yarn tied crosswise in several segments along the shank with figure-eight wraps and trimmed to a flat crescent standing about a quarter inch off the shank; a sparse palmered hackle collar behind the body; a small hot-orange egg spot at the rear of the body; and a soft tan craft-fur tail with a few strands of flash sweeping off the bend, held clear of the shank by a fine mono anti-foul loop. The fly rides inverted: the hook point is on the SAME side of the shank as the body and tail and is shown facing UP, while the lead dumbbell eyes sit on the OPPOSITE side, hanging beneath the shank behind the hook eye. Only one fly, hook bend and point clearly visible. COLOURWAY: this is the Tan version — Tan yarn, tan rabbit. Keep the construction above exactly as described and change only the colours to match this colourway. (Fished for: Standard)",rebuilt-from-corrected-base,Construction inherited from corrected base `kwan`.,medium
kwan-olive,fly-variant,flies,fal-ai/nano-banana-2,"Ultra-detailed macro product photograph of a single real fly-fishing fly on a seamless pure white background, studio softbox lighting, sharp focus, side profile view, no hands, no text. The fly is a ""Kwan"" in the Olive colour variant. Straight-eye saltwater hook, size 2. From the hook eye back: a loop of stiff mono weedguard and a pair of lead dumbbell eyes just behind the hook eye; then the body - tan rug yarn tied crosswise in several segments along the shank with figure-eight wraps and trimmed to a flat crescent standing about a quarter inch off the shank; a sparse palmered hackle collar behind the body; a small hot-orange egg spot at the rear of the body; and a soft tan craft-fur tail with a few strands of flash sweeping off the bend, held clear of the shank by a fine mono anti-foul loop. The fly rides inverted: the hook point is on the SAME side of the shank as the body and tail and is shown facing UP, while the lead dumbbell eyes sit on the OPPOSITE side, hanging beneath the shank behind the hook eye. Only one fly, hook bend and point clearly visible. COLOURWAY: this is the Olive version — Olive yarn. Keep the construction above exactly as described and change only the colours to match this colourway. (Fished for: Grass flats)",rebuilt-from-corrected-base,Construction inherited from corrected base `kwan`.,medium
redfish-toad,fly,flies,fal-ai/nano-banana-2,"Ultra-detailed macro product photograph of a single real fly-fishing fly on a seamless pure white background, studio softbox lighting, sharp focus, side profile view, no hands, no text. The fly is a ""Redfish Toad"". Straight-eye saltwater hook, size 2. From the hook eye back: a loop of mono weedguard and a pair of silver bead-chain eyes just behind the hook eye; then the body - tan yarn / EP fibres tied crosswise in several segments along the shank and trimmed into a wide flat oval; a sparse palmered hackle collar behind the body and a small hot-orange egg hot spot; and a soft tan craft-fur tail with a few strands of flash streaming off the bend. The fly rides inverted: the hook point is on the SAME side of the shank as the body and tail and is shown facing UP, while the bead-chain eyes sit on the OPPOSITE side, hanging beneath the shank behind the hook eye. Only one fly, hook bend and point clearly visible.",wrong,"The inverted-orientation paragraph is DUPLICATED verbatim - systemic paste bug. | 'The wing/hair and weighted eyes are tied on the SAME side of the shank' - backwards; the bead-chain eyes go on the opposite side of the shank from the point. There is no wing on this fly. | 'A wide flat body of tan rabbit fur strips tied crosswise' - wrong material. The toad/Kwan body is segmented sections of YARN or EP FIBRES tied crosswise and trimmed flat; rabbit strips are not tied crosswise to make the body. | 'a rabbit-strip tail' - the described tail in the guide sources is craft fur (rabbit is a variant,",medium
redfish-toad-tan,fly-variant,flies,fal-ai/nano-banana-2,"Ultra-detailed macro product photograph of a single real fly-fishing fly on a seamless pure white background, studio softbox lighting, sharp focus, side profile view, no hands, no text. The fly is a ""Redfish Toad"" in the Tan colour variant. Straight-eye saltwater hook, size 2. From the hook eye back: a loop of mono weedguard and a pair of silver bead-chain eyes just behind the hook eye; then the body - tan yarn / EP fibres tied crosswise in several segments along the shank and trimmed into a wide flat oval; a sparse palmered hackle collar behind the body and a small hot-orange egg hot spot; and a soft tan craft-fur tail with a few strands of flash streaming off the bend. The fly rides inverted: the hook point is on the SAME side of the shank as the body and tail and is shown facing UP, while the bead-chain eyes sit on the OPPOSITE side, hanging beneath the shank behind the hook eye. Only one fly, hook bend and point clearly visible. COLOURWAY: this is the Tan version — Tan rabbit. Keep the construction above exactly as described and change only the colours to match this colourway. (Fished for: Marsh)",rebuilt-from-corrected-base,Construction inherited from corrected base `redfish-toad`.,medium
redfish-toad-black-purple,fly-variant,flies,fal-ai/nano-banana-2,"Ultra-detailed macro product photograph of a single real fly-fishing fly on a seamless pure white background, studio softbox lighting, sharp focus, side profile view, no hands, no text. The fly is a ""Redfish Toad"" in the Black/Purple colour variant. Straight-eye saltwater hook, size 2. From the hook eye back: a loop of mono weedguard and a pair of silver bead-chain eyes just behind the hook eye; then the body - tan yarn / EP fibres tied crosswise in several segments along the shank and trimmed into a wide flat oval; a sparse palmered hackle collar behind the body and a small hot-orange egg hot spot; and a soft tan craft-fur tail with a few strands of flash streaming off the bend. The fly rides inverted: the hook point is on the SAME side of the shank as the body and tail and is shown facing UP, while the bead-chain eyes sit on the OPPOSITE side, hanging beneath the shank behind the hook eye. Only one fly, hook bend and point clearly visible. COLOURWAY: this is the Black/Purple version — Black and purple. Keep the construction above exactly as described and change only the colours to match this colourway. (Fished for: Stained marsh water)",rebuilt-from-corrected-base,Construction inherited from corrected base `redfish-toad`.,medium
redfish-toad-chartreuse,fly-variant,flies,fal-ai/nano-banana-2,"Ultra-detailed macro product photograph of a single real fly-fishing fly on a seamless pure white background, studio softbox lighting, sharp focus, side profile view, no hands, no text. The fly is a ""Redfish Toad"" in the Chartreuse colour variant. Straight-eye saltwater hook, size 2. From the hook eye back: a loop of mono weedguard and a pair of silver bead-chain eyes just behind the hook eye; then the body - tan yarn / EP fibres tied crosswise in several segments along the shank and trimmed into a wide flat oval; a sparse palmered hackle collar behind the body and a small hot-orange egg hot spot; and a soft tan craft-fur tail with a few strands of flash streaming off the bend. The fly rides inverted: the hook point is on the SAME side of the shank as the body and tail and is shown facing UP, while the bead-chain eyes sit on the OPPOSITE side, hanging beneath the shank behind the hook eye. Only one fly, hook bend and point clearly visible. COLOURWAY: this is the Chartreuse version — Chartreuse rabbit. Keep the construction above exactly as described and change only the colours to match this colourway. (Fished for: Muddy water)",rebuilt-from-corrected-base,Construction inherited from corrected base `redfish-toad`.,medium
tarpon-toad,fly,flies,fal-ai/nano-banana-2,"Ultra-detailed macro product photograph of a single real fly-fishing fly on a seamless pure white background, studio softbox lighting, sharp focus, side profile view, no hands, no text. The fly is a ""Tarpon Toad"". Large straight-eye saltwater hook, size 2/0. From the hook eye back: a broad flat 'toad' head made of four or five crosswise figure-eight bunches of pale yellow-cream EP fibre / poly yarn, trimmed wide and flat and occupying about the front third of the fly, with a small black mono eye set on each side of it; then bare thread-wrapped shank; then a soft chartreuse marabou collar and, tied in at the hook point, a chartreuse rabbit-strip tail about an inch and a half long with two or three strands of flash, propped so it stands clear of the bend. No weight and no dumbbell eyes; total length about two and a half inches. The fly rides hook point DOWN: the hook point faces down and the dressing sits on top of the shank. Only one fly, hook bend and point clearly visible.",wrong,"The point-down orientation paragraph is DUPLICATED verbatim ('Hook rides point-down: hook point facing DOWN, materials on top of the shank.' appears twice) - systemic paste bug. | 'A wide flat yarn body tied crosswise along the shank' - wrong extent. The flat crosswise head occupies only the front third of the fly, right behind the hook eye; the rest of the shank is bare thread with the tail and collar at the back. | 'a short hackle collar' - the collar is MARABOU, not hackle. | Calling it a 'body' rather than a 'head' misplaces the mass - the Toad's signature is a broad flat head at the front",high
tarpon-toad-black-purple,fly-variant,flies,fal-ai/nano-banana-2,"Ultra-detailed macro product photograph of a single real fly-fishing fly on a seamless pure white background, studio softbox lighting, sharp focus, side profile view, no hands, no text. The fly is a ""Tarpon Toad"" in the Black/Purple colour variant. Large straight-eye saltwater hook, size 2/0. From the hook eye back: a broad flat 'toad' head made of four or five crosswise figure-eight bunches of pale yellow-cream EP fibre / poly yarn, trimmed wide and flat and occupying about the front third of the fly, with a small black mono eye set on each side of it; then bare thread-wrapped shank; then a soft chartreuse marabou collar and, tied in at the hook point, a chartreuse rabbit-strip tail about an inch and a half long with two or three strands of flash, propped so it stands clear of the bend. No weight and no dumbbell eyes; total length about two and a half inches. The fly rides hook point DOWN: the hook point faces down and the dressing sits on top of the shank. Only one fly, hook bend and point clearly visible. COLOURWAY: this is the Black/Purple version — Black and purple. Keep the construction above exactly as described and change only the colours to match this colourway. (Fished for: Low light, dirty water)",rebuilt-from-corrected-base,Construction inherited from corrected base `tarpon-toad`.,high
tarpon-toad-tan,fly-variant,flies,fal-ai/nano-banana-2,"Ultra-detailed macro product photograph of a single real fly-fishing fly on a seamless pure white background, studio softbox lighting, sharp focus, side profile view, no hands, no text. The fly is a ""Tarpon Toad"" in the Tan colour variant. Large straight-eye saltwater hook, size 2/0. From the hook eye back: a broad flat 'toad' head made of four or five crosswise figure-eight bunches of pale yellow-cream EP fibre / poly yarn, trimmed wide and flat and occupying about the front third of the fly, with a small black mono eye set on each side of it; then bare thread-wrapped shank; then a soft chartreuse marabou collar and, tied in at the hook point, a chartreuse rabbit-strip tail about an inch and a half long with two or three strands of flash, propped so it stands clear of the bend. No weight and no dumbbell eyes; total length about two and a half inches. The fly rides hook point DOWN: the hook point faces down and the dressing sits on top of the shank. Only one fly, hook bend and point clearly visible. COLOURWAY: this is the Tan version — Tan yarn and rabbit. Keep the construction above exactly as described and change only the colours to match this colourway. (Fished for: Clear water)",rebuilt-from-corrected-base,Construction inherited from corrected base `tarpon-toad`.,high
tarpon-toad-chartreuse,fly-variant,flies,fal-ai/nano-banana-2,"Ultra-detailed macro product photograph of a single real fly-fishing fly on a seamless pure white background, studio softbox lighting, sharp focus, side profile view, no hands, no text. The fly is a ""Tarpon Toad"" in the Chartreuse colour variant. Large straight-eye saltwater hook, size 2/0. From the hook eye back: a broad flat 'toad' head made of four or five crosswise figure-eight bunches of pale yellow-cream EP fibre / poly yarn, trimmed wide and flat and occupying about the front third of the fly, with a small black mono eye set on each side of it; then bare thread-wrapped shank; then a soft chartreuse marabou collar and, tied in at the hook point, a chartreuse rabbit-strip tail about an inch and a half long with two or three strands of flash, propped so it stands clear of the bend. No weight and no dumbbell eyes; total length about two and a half inches. The fly rides hook point DOWN: the hook point faces down and the dressing sits on top of the shank. Only one fly, hook bend and point clearly visible. COLOURWAY: this is the Chartreuse version — Chartreuse. Keep the construction above exactly as described and change only the colours to match this colourway. (Fished for: Stained water)",rebuilt-from-corrected-base,Construction inherited from corrected base `tarpon-toad`.,high
palolo-worm-fly,fly,flies,fal-ai/nano-banana-2,"Ultra-detailed macro product photograph of a single real fly-fishing fly on a seamless pure white background, studio softbox lighting, sharp focus, side profile view, no hands, no text. The fly is a ""Palolo Worm Fly"". Large straight-eye saltwater hook, size 1/0. From the hook eye back: a loop of stiff mono weedguard, a short soft collar of golden-olive saddle hackle, then a slim body of golden-olive micro chenille wrapped along the shank, and off the bend a bright coral orange-red rabbit strip tail about an inch and a half long that makes the fly a short segmented worm roughly two inches overall. No eyes, no dumbbells, no weight. The fly rides hook point DOWN: the hook point faces down and the dressing sits on top of the shank. Only one fly, hook bend and point clearly visible.",wrong,"'a small mono eye' - no published palolo worm recipe has eyes of any kind. This is a segmented marine worm imitation; mono eyes belong on shrimp and crab patterns, not here. | 'rabbit strip OR chenille worm body' is too loose - the standard tie uses BOTH: a rabbit-strip tail off the bend and a chenille body on the shank.",medium
squid-fly,fly,flies,fal-ai/nano-banana-2,"Ultra-detailed macro product photograph of a single real fly-fishing fly on a seamless pure white background, studio softbox lighting, sharp focus, side profile view, no hands, no text. The fly is a ""Squid Fly"". Long-shank saltwater hook, size 2/0, about six inches overall. From the hook eye back: a bulky white and pale pink mantle of yak hair / kinky synthetic fibre over an inner core of palmered pearl chenille, tapered at both ends and finished with a smooth clear resin collar; set into the rear of that mantle, where the arms join it, two oversized 3-D eyes with black pupils facing back toward the tentacles; and trailing well past the bend, eight to ten long soft white and pink saddle hackles plus a few longer tentacles, making roughly half the fly's total length. The fly rides hook point DOWN: the hook point faces down and the dressing sits on top of the shank. Only one fly, hook bend and point clearly visible.",minor,"'large eyes at the rear of the body facing the tentacles' is correct as written, but the prompt does not say how large - squid eyes are oversized relative to the body and the sources warn that undersizing them ruins the look. | 'marabou as tentacles' is a reasonable stand-in but the written recipes specify 8-10 saddle hackles or tapered fur; marabou is a secondary material.",medium
needlefish-fly,fly,flies,fal-ai/nano-banana-2,"Ultra-detailed macro product photograph of a single real fly-fishing fly on a seamless pure white background, studio softbox lighting, sharp focus, side profile view, no hands, no text. The fly is a ""Needlefish Fly"" for barracuda. Two-hook rig: a straight-eye saltwater front hook size 2/0 and a small trailing stinger hook joined by a short length of dark wire that runs inside the body. From the front hook eye back: a smooth epoxy-coated head with a large 6 mm three-dimensional eye on each side and two red gill slashes behind it; then a very long, very thin body of pearl braided E-Z Body tubing about six inches long, its top half shaded chartreuse-green with a permanent marker and its underside left pearl, tapering to a fine point at the tail where the stinger hook sits. No weight, no dumbbell eyes. The fly rides hook point DOWN: the front hook point faces down and the body lies along and above the shank. Only one fly, hook bend and point clearly visible.",wrong,"'small eyes' - wrong. The eyes on a needlefish/cuda fly are large and conspicuous: 6 mm Fish Skull Living Eyes or 7.5 mm fluorescent yellow doll eyes, set in an epoxy head. | 'A very long thin chartreuse braided tube body 8 inches long' - the sources give 5-6 in of E-Z Body braid (6-7 in of mylar tube in the Nightmare version). Eight inches is at the extreme long end and should not be stated as the norm. | 'Long saltwater hook' - the pattern is not a single long-shank hook; it is a two-hook rig with a wire-joined trailer, and that is the part the picture would get visibly wrong.",high
cuda-fly,fly,flies,fal-ai/nano-banana-2,"Ultra-detailed macro product photograph of a single real fly-fishing fly on a seamless pure white background, studio softbox lighting, sharp focus, side profile view, no hands, no text. The fly is a ""Cuda Fly"", a barracuda needlefish pattern about eight inches long. Two-hook rig: a straight-eye saltwater front hook size 2/0 and a small trailing hook linked inside the body. From the front hook eye back: a smooth epoxy head with a large three-dimensional eye on each side; then a very long, slender body of green and chartreuse synthetic fibre over pearl flash, laid tight and thin like a needlefish and tapering to a fine tail at the trailing hook. No weight, no dumbbell eyes. The fly rides hook point DOWN: the front hook point faces down and the body lies along and above the shank. Only one fly, hook bend and point clearly visible.",wrong,"'small eyes' - cuda/needlefish flies carry large 3-D or doll eyes in an epoxy head, not small ones. | 'wire tippet loop' - misleading. The wire on these flies is the BITE TIPPET the angler ties on, or (in the Nightmare Needlefish) the internal wire joining the trailer hook; showing a loose wire loop dangling from the hook eye as part of the fly is not what the published patterns describe. Sources vary on whether a wire loop is built into the fly, so it should not be asserted as a defining feature. | 'Long saltwater hook' - the Umpqua Cuda Fly is built on two hooks, not one long-shank hook.",medium
gurgler,fly,flies,fal-ai/nano-banana-2,"Ultra-detailed macro product photograph of a single real fly-fishing fly on a seamless pure white background, studio softbox lighting, sharp focus, side profile view, no hands, no text. The fly is a ""Gurgler"". Stainless straight-eye saltwater hook, size 2. Construction from eye to bend: a short square-cut tab of white closed-cell foam projects forward over the hook eye as a water-pushing lip; behind it the same foam strip is tied down and runs back along the top of the shank as a shellback over the whole body; under the foam the shank is wrapped with pearl tinsel chenille with a grizzly hackle palmered over it in open spirals; at the bend a white bucktail tail about two shank lengths long with a few strands of pearl Krystal Flash. Hook rides point-down: hook point facing DOWN, the foam back and all materials on TOP of the shank. Only one fly, hook bend and point clearly visible.",minor,"""folded up at the head to form a lip"" — the lip is not an upward fold at the head; the foam strip runs from the head back to the bend as a shellback, is pulled FORWARD over the body and tied down behind the eye, and the trimmed tag projects FORWARD over the hook eye (Orvis: ""upturned and extended lip"", Charlie's Fly Box: ""trim foam front end straight across to create the characteristic gurgling lip"") | ""sparse hackle"" — the recipe specifies a grizzly neck hackle palmered forward over the body in an open spiral, not a sparse indeterminate hackle",high
gurgler-white,fly-variant,flies,fal-ai/nano-banana-2,"Ultra-detailed macro product photograph of a single real fly-fishing fly on a seamless pure white background, studio softbox lighting, sharp focus, side profile view, no hands, no text. The fly is a ""Gurgler"" in the White colour variant. Stainless straight-eye saltwater hook, size 2. Construction from eye to bend: a short square-cut tab of white closed-cell foam projects forward over the hook eye as a water-pushing lip; behind it the same foam strip is tied down and runs back along the top of the shank as a shellback over the whole body; under the foam the shank is wrapped with pearl tinsel chenille with a grizzly hackle palmered over it in open spirals; at the bend a white bucktail tail about two shank lengths long with a few strands of pearl Krystal Flash. Hook rides point-down: hook point facing DOWN, the foam back and all materials on TOP of the shank. Only one fly, hook bend and point clearly visible. COLOURWAY: this is the White version — White foam and bucktail. Keep the construction above exactly as described and change only the colours to match this colourway. (Fished for: Standard)",rebuilt-from-corrected-base,Construction inherited from corrected base `gurgler`.,high
gurgler-chartreuse,fly-variant,flies,fal-ai/nano-banana-2,"Ultra-detailed macro product photograph of a single real fly-fishing fly on a seamless pure white background, studio softbox lighting, sharp focus, side profile view, no hands, no text. The fly is a ""Gurgler"" in the Chartreuse colour variant. Stainless straight-eye saltwater hook, size 2. Construction from eye to bend: a short square-cut tab of white closed-cell foam projects forward over the hook eye as a water-pushing lip; behind it the same foam strip is tied down and runs back along the top of the shank as a shellback over the whole body; under the foam the shank is wrapped with pearl tinsel chenille with a grizzly hackle palmered over it in open spirals; at the bend a white bucktail tail about two shank lengths long with a few strands of pearl Krystal Flash. Hook rides point-down: hook point facing DOWN, the foam back and all materials on TOP of the shank. Only one fly, hook bend and point clearly visible. COLOURWAY: this is the Chartreuse version — Chartreuse foam. Keep the construction above exactly as described and change only the colours to match this colourway. (Fished for: Low light, stained)",rebuilt-from-corrected-base,Construction inherited from corrected base `gurgler`.,high
gurgler-black,fly-variant,flies,fal-ai/nano-banana-2,"Ultra-detailed macro product photograph of a single real fly-fishing fly on a seamless pure white background, studio softbox lighting, sharp focus, side profile view, no hands, no text. The fly is a ""Gurgler"" in the Black colour variant. Stainless straight-eye saltwater hook, size 2. Construction from eye to bend: a short square-cut tab of white closed-cell foam projects forward over the hook eye as a water-pushing lip; behind it the same foam strip is tied down and runs back along the top of the shank as a shellback over the whole body; under the foam the shank is wrapped with pearl tinsel chenille with a grizzly hackle palmered over it in open spirals; at the bend a white bucktail tail about two shank lengths long with a few strands of pearl Krystal Flash. Hook rides point-down: hook point facing DOWN, the foam back and all materials on TOP of the shank. Only one fly, hook bend and point clearly visible. COLOURWAY: this is the Black version — Black foam. Keep the construction above exactly as described and change only the colours to match this colourway. (Fished for: Night snook, dawn)",rebuilt-from-corrected-base,Construction inherited from corrected base `gurgler`.,high
crease-fly,fly,flies,fal-ai/nano-banana-2,"Ultra-detailed macro product photograph of a single real fly-fishing fly on a seamless pure white background, studio softbox lighting, sharp focus, side profile view, no hands, no text. The fly is a ""Crease Fly"". Long-shank stainless saltwater hook, size 1/0, the hook eye emerging from the front of the body. Construction from eye to bend: a sheet of closed-cell foam folded in half over the shank and glued, the fold forming the straight top line and the body cut to a deep, laterally flattened baitfish silhouette; the open front of the fold forms a hollow concave scooped face; the body coloured silver and pearl with a dark blue-green back and white belly, a flat stick-on prismatic eye each side, and the whole body sealed under a glossy clear epoxy resin with a faint glitter scale sheen; a sparse white and blue bucktail tail with a few strands of pearl Krystal Flash at the rear. Hook rides point-down: hook point facing DOWN and protruding below the rear of the foam body. Only one fly, hook bend and point clearly visible.",minor,"""painted eyes"" — the recipe calls for flat stick-on prismatic/holographic eyes (1/4 in or 7mm), not painted eyes | ""painted silver and blue"" alone understates the finish — the foam is coloured with markers/foil and then sealed under a clear epoxy or UV resin coat over the whole body, which is what gives the fly its glassy look",medium
quill-gordon-dry,fly,flies,fal-ai/nano-banana-2,"Ultra-detailed macro product photograph of a single real fly-fishing fly on a seamless pure white background, studio softbox lighting, sharp focus, side profile view, no hands, no text. The fly is a ""Quill Gordon Dry"". Standard dry-fly hook, size 12, Catskill style. Construction from eye to bend: a long bare black thread head, then a pair of barred wood-duck flank wings set upright and DIVIDED into two splayed clumps; behind the wings a dense collar of dark blue dun dry-fly hackle; then a slender tapered body of lacquered stripped peacock quill showing fine dark-and-light segmentation the length of the shank; at the bend a sparse tail of long stiff dark dun hackle fibres. Hook rides point-down: hook point facing DOWN, materials on top of the shank. Only one fly, hook bend and point clearly visible.",minor,"""upright wood-duck wings"" — the recipe specifies wings upright AND DIVIDED (two separate splayed wing clumps); an undivided single clump is a different fly | ""dun hackle collar"" — the standard shade is DARK BLUE DUN, and ""stiff tails"" should likewise be dark dun hackle fibres",high
green-weenie,fly,flies,fal-ai/nano-banana-2,"Ultra-detailed macro product photograph of a single real fly-fishing fly on a seamless pure white background, studio softbox lighting, sharp focus, side profile view, no hands, no text. The fly is a ""Green Weenie"". Heavy 2XL nymph hook, size 12, slightly curved shank. Construction from eye to bend: a tiny chartreuse thread head, then the entire shank wrapped in touching turns of fluorescent chartreuse Ultra Chenille forming a fat, fuzzy, cigar-shaped inchworm body; at the bend the same chartreuse chenille continues a short way past the bend as a blunt tag tail. No wings, no hackle, no flash, no bead. Hook rides point-down: hook point facing DOWN below the chenille body. Only one fly, hook bend and point clearly visible.",minor,"""Standard hook"" — the published recipes use a heavy 2XL nymph hook or a curved scud/jig hook, which gives the fly its fatter, slightly curved inchworm profile | ""a small loop of chenille at the bend as a tail"" is a legitimate variant but is not what most written recipes specify; the widely published form runs the same chenille past the bend as a short blunt tag (the Dark Skies recipe explicitly ties it ""without a tail loop"")",medium
green-weenie-chartreuse,fly-variant,flies,fal-ai/nano-banana-2,"Ultra-detailed macro product photograph of a single real fly-fishing fly on a seamless pure white background, studio softbox lighting, sharp focus, side profile view, no hands, no text. The fly is a ""Green Weenie"" in the Chartreuse colour variant. Heavy 2XL nymph hook, size 12, slightly curved shank. Construction from eye to bend: a tiny chartreuse thread head, then the entire shank wrapped in touching turns of fluorescent chartreuse Ultra Chenille forming a fat, fuzzy, cigar-shaped inchworm body; at the bend the same chartreuse chenille continues a short way past the bend as a blunt tag tail. No wings, no hackle, no flash, no bead. Hook rides point-down: hook point facing DOWN below the chenille body. Only one fly, hook bend and point clearly visible. COLOURWAY: this is the Chartreuse version — Chartreuse chenille. Keep the construction above exactly as described and change only the colours to match this colourway. (Fished for: Standard)",rebuilt-from-corrected-base,Construction inherited from corrected base `green-weenie`.,medium
green-weenie-lime,fly-variant,flies,fal-ai/nano-banana-2,"Ultra-detailed macro product photograph of a single real fly-fishing fly on a seamless pure white background, studio softbox lighting, sharp focus, side profile view, no hands, no text. The fly is a ""Green Weenie"" in the Lime colour variant. Heavy 2XL nymph hook, size 12, slightly curved shank. Construction from eye to bend: a tiny chartreuse thread head, then the entire shank wrapped in touching turns of fluorescent chartreuse Ultra Chenille forming a fat, fuzzy, cigar-shaped inchworm body; at the bend the same chartreuse chenille continues a short way past the bend as a blunt tag tail. No wings, no hackle, no flash, no bead. Hook rides point-down: hook point facing DOWN below the chenille body. Only one fly, hook bend and point clearly visible. COLOURWAY: this is the Lime version — Lime chenille. Keep the construction above exactly as described and change only the colours to match this colourway. (Fished for: Inchworm season)",rebuilt-from-corrected-base,Construction inherited from corrected base `green-weenie`.,medium
thunderhead,fly,flies,fal-ai/nano-banana-2,"Ultra-detailed macro product photograph of a single real fly-fishing fly on a seamless pure white background, studio softbox lighting, sharp focus, side profile view, no hands, no text. The fly is a ""Thunderhead"". Standard dry-fly hook, size 12. Construction from eye to bend: a small dark thread head, then a bushy wing of white calf tail tied upright and DIVIDED into two splayed white posts; a dense mixed hackle collar of coachman-brown and grizzly dry-fly hackle wound both in front of and behind the wing; a slender grey muskrat-dubbed body the length of the shank; and at the bend a stiff tail of mixed brown and grizzly hackle fibres. No deer hair anywhere on the fly. Hook rides point-down: hook point facing DOWN, materials on top of the shank. Only one fly, hook bend and point clearly visible.",wrong,"""deer-hair tail"" — every written recipe found gives the tail as a mix of brown and grizzly hackle (spade hackle) fibres, not deer hair; a deer-hair tail would draw a Wulff, not a Thunderhead | ""Upright white calf-hair wings"" is under-specified — the wings must be upright AND DIVIDED into two distinct posts (the source specifies ""White Calf tail, upright and divided"")",high
yellow-palmer,fly,flies,fal-ai/nano-banana-2,"Ultra-detailed macro product photograph of a single real fly-fishing fly on a seamless pure white background, studio softbox lighting, sharp focus, side profile view, no hands, no text. The fly is a ""Yallarhammer"", a traditional southern Appalachian wet fly. Heavy wet-fly hook, size 10. Construction from eye to bend: a small black thread head, then a barred yellow-and-black feather — yellow-dyed grizzly hackle, standing in for the old split yellow-shafted flicker wing quill — palmered in open turns from the bend forward to the head over the whole shank, the barbs soft and swept slightly back; beneath the palmered hackle a dark iridescent green-bronze peacock-herl body; at the bend a short tail of golden pheasant fibres. No wings. Hook rides point-down: hook point facing DOWN, materials wrapped around the shank. Only one fly, hook bend and point clearly visible.",wrong,"""Standard dry-fly hook"" and the entry's type ""dry"" — the Yallarhammer is traditionally and predominantly a WET fly on a heavier wet-fly hook; the dry version is a modern secondary form | ""a yellow body"" — the documented body is PEACOCK HERL (dark iridescent green-bronze); some variants use yellow floss, but no source gives a plain yellow body under palmered yellow hackle | ""Yellow hackle"" — the defining material is a split yellow-dyed flicker/dove wing QUILL (a stiff, flat, barred yellow-and-black feather) palmered back to front, or its modern substitute yellow-dyed GRIZZLY (barred yellow and ",low
albie-fly,fly,flies,fal-ai/nano-banana-2,"Ultra-detailed macro product photograph of a single real fly-fishing fly on a seamless pure white background, studio softbox lighting, sharp focus, side profile view, no hands, no text. The fly is an ""Albie Fly (Surf Candy / Epoxy Anchovy)"". Short-shank stainless saltwater hook, size 2, total length about 2 inches. Construction from eye to bend: a tapered, glassy clear-epoxy minnow body encasing the front two thirds of the fly from behind the hook eye back past the bend, with a flat silver mylar tinsel underbody glinting through it, a 3D prism eye with a black pupil set into each side and a small red gill slash behind it; inside and behind the resin, a sparse layered wing of white synthetic Ultra Hair on the bottom, a few strands of pearl flash, and olive Ultra Hair over the top; the fibres emerge from the back of the resin body as a loose translucent olive-over-white tail. Hook rides point-down: hook point facing DOWN, materials on top of the shank. Only one fly, hook bend and point clearly visible.",minor,"""a clear epoxy head and small eye"" — the epoxy is not just a head: it encases the whole front body from the bend forward into a translucent tapered minnow shape, and the eyes are comparatively large 3D prism/stick-on eyes set in that resin",medium
spoon-fly,fly,flies,fal-ai/nano-banana-2,"Ultra-detailed macro product photograph of a single real fly-fishing fly on a seamless pure white background, studio softbox lighting, sharp focus, side profile view, no hands, no text. The fly is a ""Spoon Fly"". Stainless saltwater hook, size 2, with the shank bent into a shallow hump. Construction from eye to bend: a small red thread head at the hook eye, then a flattened gold mylar-tubing blade bonded along the shank and pressed into a CONCAVE, cupped teardrop shape like a miniature fishing spoon — widest just behind the hook eye and tapering to a rounded point at the rear — the whole blade sealed under a thick, glassy clear epoxy shell that also seals the edges; a turn of lead wire under the mylar at the rear of the shank acts as a keel. No tail, no wing, no hair, no eyes, no flash. Orientation: the fly rides hook point UP — the bent shank and the lead keel invert it, so show the concave face of the spoon uppermost with the hook point standing UP above it and the smooth convex back of the spoon facing DOWN. Only one fly, hook bend and point clearly visible.",wrong,"KNOWN SYSTEMIC BUG: the inverted-orientation paragraph ""The wing/hair and weighted eyes are tied on the SAME side of the shank as the hook point, so the fly rides upside down"" has been pasted onto a fly that has NO wing, NO hair and NO weighted eyes — the prompt itself says the body is bare mylar and epoxy with ""no tail"". The fly does ride point-up, but it does so from the shaped shank and a lead-wire keel, not from a wing or dumbbell eyes. | SAME BUG, DUPLICATED: that entire paragraph appears verbatim TWICE in the prompt, back to back. | ""A flat teardrop-shaped body"" — the defining feature of",medium
seaducer,fly,flies,fal-ai/nano-banana-2,"Ultra-detailed macro product photograph of a single real fly-fishing fly on a seamless pure white background, studio softbox lighting, sharp focus, side profile view, no hands, no text. The fly is a ""Seaducer"". Stainless straight-eye saltwater hook, size 1/0, unweighted. Construction from eye to bend: a tiny thread head, then a dense full collar of red saddle hackle wound over the front quarter of the shank, its barbs flaring out around the shank; behind it two white saddle hackles palmered in open turns over the rear three quarters of the shank as a sparse, translucent, spiky body; at the bend four to six long white saddle hackles, about two and a half shank lengths, tied with their curves opposed so they splay outward like a pair of wings, with about six strands of pearl Krystal Flash among them. No weight and no eyes. Hook rides point-down: hook point facing DOWN below the hackled shank. Only one fly, hook bend and point clearly visible.",minor,"""the entire shank wrapped with palmered red and white hackle"" — the recipe splits this: two hackles palmered in open turns over about the rear three-quarters of the shank, then two more wound densely at the FRONT as a distinct collar; the prompt would produce a uniform woolly-bugger-like body rather than the Seaducer's sparse rear body and full front collar | ""Long red and white saddle hackles splayed at the bend as a tail"" — the tail is tied just IN FRONT OF the bend, with the feather curves opposed (convex sides together) so they splay outward; the classic red/white version usually has a sin",medium
seaducer-red-white,fly-variant,flies,fal-ai/nano-banana-2,"Ultra-detailed macro product photograph of a single real fly-fishing fly on a seamless pure white background, studio softbox lighting, sharp focus, side profile view, no hands, no text. The fly is a ""Seaducer"" in the Red/White colour variant. Stainless straight-eye saltwater hook, size 1/0, unweighted. Construction from eye to bend: a tiny thread head, then a dense full collar of red saddle hackle wound over the front quarter of the shank, its barbs flaring out around the shank; behind it two white saddle hackles palmered in open turns over the rear three quarters of the shank as a sparse, translucent, spiky body; at the bend four to six long white saddle hackles, about two and a half shank lengths, tied with their curves opposed so they splay outward like a pair of wings, with about six strands of pearl Krystal Flash among them. No weight and no eyes. Hook rides point-down: hook point facing DOWN below the hackled shank. Only one fly, hook bend and point clearly visible. COLOURWAY: this is the Red/White version — Red and white hackle. Keep the construction above exactly as described and change only the colours to match this colourway. (Fished for: Classic)",rebuilt-from-corrected-base,Construction inherited from corrected base `seaducer`.,medium
seaducer-chartreuse,fly-variant,flies,fal-ai/nano-banana-2,"Ultra-detailed macro product photograph of a single real fly-fishing fly on a seamless pure white background, studio softbox lighting, sharp focus, side profile view, no hands, no text. The fly is a ""Seaducer"" in the Chartreuse colour variant. Stainless straight-eye saltwater hook, size 1/0, unweighted. Construction from eye to bend: a tiny thread head, then a dense full collar of red saddle hackle wound over the front quarter of the shank, its barbs flaring out around the shank; behind it two white saddle hackles palmered in open turns over the rear three quarters of the shank as a sparse, translucent, spiky body; at the bend four to six long white saddle hackles, about two and a half shank lengths, tied with their curves opposed so they splay outward like a pair of wings, with about six strands of pearl Krystal Flash among them. No weight and no eyes. Hook rides point-down: hook point facing DOWN below the hackled shank. Only one fly, hook bend and point clearly visible. COLOURWAY: this is the Chartreuse version — Chartreuse. Keep the construction above exactly as described and change only the colours to match this colourway. (Fished for: Stained water)",rebuilt-from-corrected-base,Construction inherited from corrected base `seaducer`.,medium
seaducer-grizzly,fly-variant,flies,fal-ai/nano-banana-2,"Ultra-detailed macro product photograph of a single real fly-fishing fly on a seamless pure white background, studio softbox lighting, sharp focus, side profile view, no hands, no text. The fly is a ""Seaducer"" in the Grizzly/Tan colour variant. Stainless straight-eye saltwater hook, size 1/0, unweighted. Construction from eye to bend: a tiny thread head, then a dense full collar of red saddle hackle wound over the front quarter of the shank, its barbs flaring out around the shank; behind it two white saddle hackles palmered in open turns over the rear three quarters of the shank as a sparse, translucent, spiky body; at the bend four to six long white saddle hackles, about two and a half shank lengths, tied with their curves opposed so they splay outward like a pair of wings, with about six strands of pearl Krystal Flash among them. No weight and no eyes. Hook rides point-down: hook point facing DOWN below the hackled shank. Only one fly, hook bend and point clearly visible. COLOURWAY: this is the Grizzly/Tan version — Grizzly hackle. Keep the construction above exactly as described and change only the colours to match this colourway. (Fished for: Clear water)",rebuilt-from-corrected-base,Construction inherited from corrected base `seaducer`.,medium
cockroach,fly,flies,fal-ai/nano-banana-2,"Ultra-detailed macro product photograph of a single real fly-fishing fly on a seamless pure white background, studio softbox lighting, sharp focus, side profile view, no hands, no text. The fly is a ""Cockroach (Tarpon)"". Large stainless straight-eye tarpon hook, size 2/0, tied Keys style. Construction from eye to bend: a small neat tapered red thread head at the hook eye, coated glossy, with a small painted eye; then roughly the forward half of the shank left completely BARE, showing only smooth thread wraps with no materials on it; at the rear of the shank, just in front of the bend, a full collar of natural brown bucktail flared all the way around the shank; and emerging from within that collar, four to six long black-and-white barred grizzly saddle hackles tied in two opposed groups at the bend so they splay outward, about two and a half shank lengths long, with a few strands of pearl flash among them. Hook rides point-down: hook point facing DOWN, the splayed hackle tail streaming back off the bend. Only one fly, hook bend and point clearly visible.",wrong,"""a brown bucktail or hackle collar at the front, the shank bare in between"" — this reverses the Keys construction. The bucktail collar is tied directly IN FRONT OF THE TAIL at the REAR of the shank, surrounding the tail base; the BARE shank runs FORWARD from that collar to a small head at the hook eye. As written, the prompt would draw the collar up at the hook eye with an empty gap behind it, which is not this fly. | ""Four grizzly saddle hackles"" — recipes specify four to six, arranged as two opposed groups (e.g. two groups of three) so the tail splays; number alone without the opposed pairin",medium
black-death,fly,flies,fal-ai/nano-banana-2,"Ultra-detailed macro product photograph of a single real fly-fishing fly on a seamless pure white background, studio softbox lighting, sharp focus, side profile view, no hands, no text. The fly is a ""Black Death"", a classic Keys-style tarpon fly. Large stainless straight-eye tarpon hook, size 2/0. Construction from eye to bend: a small glossy tapered black thread head with a painted eye at the hook eye; then roughly the front half of the shank left completely BARE, smooth thread only, no materials; at the rear of the shank just in front of the bend, a full bright red collar of red bucktail or red hackle flared all the way around the shank; and emerging from inside that red collar, four to six long black saddle hackles tied at the bend in two opposed groups so they splay outward, about two and a half shank lengths long, with a few strands of red flash among them. Hook rides point-down: hook point facing DOWN, the splayed black tail streaming back off the bend. Only one fly, hook bend and point clearly visible.",wrong,"""a red hackle collar, bare shank between"" — same Keys-construction reversal as the Cockroach: the red collar sits directly IN FRONT OF the black tail at the REAR of the shank, and the bare shank runs FORWARD from the collar to the head at the hook eye, not between the tail and a front collar | ""Black saddle hackle tail at the bend"" under-specifies — the hackles are tied in opposed groups so they splay, and the classic version carries red flash (red Flashabou/mylar) among them",medium
avalon-permit,fly,flies,fal-ai/nano-banana-2,"Ultra-detailed macro product photograph of a single real fly-fishing fly on a seamless pure white background, studio softbox lighting, sharp focus, side profile view, no hands, no text. The fly is an ""Avalon Permit Fly"". Stainless saltwater hook, size 2. Construction from eye to bend: a fluorescent orange thread head at the hook eye; immediately behind it a pair of small silver dumbbell eyes lashed across the shank; hanging beneath the hook, a loop of stiff clear monofilament strung with four small round silver beads forming a rattling keel; along the shank a tan marabou-wrapped body, shaggy and translucent, with two strands of pearl Diamond Braid pulled over the back as a shellback; a pair of light tan zonker strips splayed out behind like claws in a delta-wing; orange grizzly-barred rubber legs spraying out either side at mid-body; a short tuft of orange-dyed arctic fox underneath as the mouth; and long black Krystal Flash antennae trailing well past the bend. Orientation: the dumbbell eyes, the shellback and the claws are on the SAME side of the shank as the hook point, so the fly rides upside down — show it with the hook point and the back of the fly both facing UP, the bead keel and the mouth hanging DOWN. Only one fly, hook bend and point clearly visible.",wrong,"KNOWN SYSTEMIC BUG, DUPLICATED: the inverted-orientation paragraph (""The wing/hair and weighted eyes are tied on the SAME side of the shank as the hook point..."") appears verbatim TWICE, back to back, in this prompt. The content is appropriate for this fly, but the duplication must be removed. | ""bead-chain eyes at the front"" — the published recipe calls for 3mm silver or gold DUMBBELL eyes; the beads in this pattern are the four beads strung on the mono keel loop, and conflating the two will produce the wrong fly (the batch metadata's ""bead-chain + keel"" carries the same error) | ""a tan shrim",high
peterson-spawning-shrimp,fly,flies,fal-ai/nano-banana-2,"Ultra-detailed macro product photograph of a single real fly-fishing fly on a seamless pure white background, studio softbox lighting, sharp focus, side profile view, no hands, no text. The fly is ""Peterson's Spawning Shrimp"". Stainless saltwater hook, size 4, shell-pink thread. Construction from eye to bend: a pair of silver bead-chain or small lead dumbbell eyes lashed across the shank in the front third, just behind the hook eye; a pair of black burnt-mono shrimp eyes lying along each side of the shank on short stalks; two long black Krystal Flash antennae trailing back; a body of pearl Diamond Braid wrapped along the shank from mid-shank forward to the weighted eyes; pumpkin-and-black barred Sili Legs splaying out either side at mid-shank; two clumps of tan rabbit fur on the underside of the shank as the wing; and at the bend a bright steelhead-orange Glo-Bug yarn egg sac about a quarter of a shank long, with a sand-coloured craft fur tail layered over it extending about one and a quarter shank lengths past the bend. Orientation: the rabbit-fur wing and the weighted eyes are tied on the SAME side of the shank as the hook point, so the fly rides upside down — show it with the hook point and the wing both facing UP and the bare shank facing down. Only one fly, hook bend and point clearly visible.",wrong,"KNOWN SYSTEMIC BUG, DUPLICATED: the inverted-orientation paragraph appears verbatim TWICE, back to back. The content is appropriate here, but the duplication must be removed. | ""rubber antennae"" — the antennae are black KRYSTAL FLASH; the rubber in this pattern is pumpkin/black Sili Legs tied at mid-shank, which is a different feature in a different place | ""mono eyes, lead eyes"" listed side by side with no placement — the weighted eyes sit in the front third on top of the shank while the black mono shrimp eyes lie along the sides pointing rearward past the head; without that the image will no",high
clouser-redfish,fly,flies,fal-ai/nano-banana-2,"Ultra-detailed macro product photograph of a single real fly-fishing fly on a seamless pure white background, studio softbox lighting, sharp focus, side profile view, no hands, no text. The fly is a ""Redfish Clouser (copper/gold)"". Standard stainless saltwater hook, size 2. Construction from eye to bend: a small thread head, then a pair of painted lead dumbbell eyes with black pupils lashed across the shank about three eye-lengths behind the hook eye; a bunch of pale gold-tan bucktail tied in just in front of the eyes and swept back over them as the belly, lying on the side of the shank away from the hook point; several strands of gold and copper flash; and behind the eyes a bunch of darker copper root-beer bucktail tied on the same side of the shank as the hook point as the wing, both bunches tapering back about one and a half shank lengths well past the bend; the shank behind the eyes otherwise bare. Orientation: the wing and the weighted eyes are tied on the SAME side of the shank as the hook point, so the fly rides upside down — show it with the hook point and the darker copper wing both facing UP and the pale gold belly hair hanging DOWN. Only one fly, hook bend and point clearly visible.",wrong,"KNOWN SYSTEMIC BUG, DUPLICATED: the inverted-orientation paragraph appears verbatim TWICE, back to back. The content is correct for a Clouser, but the duplication must be removed. | ""copper and gold bucktail with gold flash lying back past the bend"" — this collapses the Clouser's defining two-part construction into one clump. A Clouser has a lighter BELLY bunch tied in FRONT of the dumbbell eyes and folded back (which hangs downward, on the side away from the point) and a darker WING bunch tied BEHIND the eyes on the same side as the point, with flash between them. Drawn as a single bunch it i",high
